date,expected_puzzle_id,served_puzzle_id,public_hash,activation_status,backup_used,future_leak_detected,dual_active_detected,validation_pass
2032-07-01,QJYNN-2032-07-01,QJYNN-2032-07-01,cad55d3efd81c84008e4159a3edc8d80496720a5fa153148eeb305338a285797,ACTIVE,,false,false,true
2032-07-02,QJYNN-2032-07-02,QJYNN-2032-07-02,9f6ecad43db88341c2e1b88293c21a34a2687c94ddc50c216ab988355825cd5d,ACTIVE,,false,false,true
2032-07-03,QJYNN-2032-07-03,QJYNN-2032-07-03,32c6215737b04ce25d07d7dafd93f8d026875a6780700a08d2a814b1aabc753c,ACTIVE,,false,false,true
2032-07-04,QJYNN-2032-07-04,QJYNN-2032-07-04,634cd9f126317fdf088884e6d920776c5e1b40ee6dc9e9501bb7ff3fe428fe9d,ACTIVE,,false,false,true
2032-07-05,QJYNN-2032-07-05,QJYNN-2032-07-05,811cd52e354d001dcbaff14fe8d91dddd9fcedea59ce49c9ff7cb4ef3004cdd8,ACTIVE,ACCESSIBLE-2e169f1b,false,false,true
2032-07-06,QJYNN-2032-07-06,QJYNN-2032-07-06,6aec8262459a8b2a20c9dc2026672474547554d94500a70c628e0cdd3a3ee0b0,ACTIVE,ACCOUNTING-bc215f22,false,false,true
2032-07-07,,,,TODAY_BLOCKED,,false,false,true
2032-07-08,QJYNN-2032-07-08,QJYNN-2032-07-08,844ec286d18392fb75cd4567f450f8eeaffa214c56ecfc9bf31b7c65d32092fb,ACTIVE,,false,false,true
2032-07-09,QJYNN-2032-07-09,QJYNN-2032-07-09,74d645ebf7e7795704072432f235ab5628b9672999985fbb2eaebda61db3a86e,ACTIVE,,false,false,true
2032-07-10,QJYNN-2032-07-10,QJYNN-2032-07-10,692a06d4190c1fcc611f46e55d034f6dcb353ea6c3bd5dbb1837f26ce8ff0810,ACTIVE,,false,false,true
2032-07-11,QJYNN-2032-07-11,QJYNN-2032-07-11,a15674df45724d20d04b6b3d5a8e0033ecc2949eb4b92dd054c21a35fae2f32e,ACTIVE,,false,false,true
2032-07-12,QJYNN-2032-07-12,QJYNN-2032-07-12,23e73a412e7f25221d1a23a4caadd738894c60ab8b639c08cc233d7d39a36b2f,ACTIVE,,false,false,true
2032-07-13,QJYNN-2032-07-13,QJYNN-2032-07-13,bff4081d92e6a7bdf1942d03e7040e075c0767deb6e21bd03e4fa0e4c9fa74f1,ACTIVE,,false,false,true
2032-07-14,QJYNN-2032-07-14,QJYNN-2032-07-14,b51198364bd7c3b84ae8e744bf226e124b0a8a5efc251f4f2396f82623c154d6,ACTIVE,,false,false,true
