puzzle,player_model,accessibility_system,gold_games,mean_gold_word_familiarity,median_gold_word_familiarity,least_familiar_word,gold_familiar_only_50,gold_low_dependency_25,gold_low_dependency_50,gold_low_dependency_75,gold_multiple_low_50,familiarity_source,source_version,source_package_version,source_revision,normalization_version,fallback_used
WATERMELON,CASUAL,M8_HEURISTIC_BASELINE,79,0.5583331712473574,0.58374,itemizers,0.0759493670886076,0,0.9240506329113924,1,0.34177215189873417,wordfreq,v3.2,3.1.1,42233e6c36ce792031bcccfa17cdd0cec9af5fa7,zipf-linear-v1,false
WATERMELON,REGULAR,M8_HEURISTIC_BASELINE,376,0.5765910080285456,0.58437,metabolize,0.6914893617021277,0,0.30851063829787234,1,0.03723404255319149,wordfreq,v3.2,3.1.1,42233e6c36ce792031bcccfa17cdd0cec9af5fa7,zipf-linear-v1,false
WATERMELON,STRONG,M8_HEURISTIC_BASELINE,467,0.5930258318425778,0.5760000000000001,metabolize,0.569593147751606,0,0.430406852248394,1,0.06423982869379015,wordfreq,v3.2,3.1.1,42233e6c36ce792031bcccfa17cdd0cec9af5fa7,zipf-linear-v1,false
WATERMELON,EXPERT,M8_HEURISTIC_BASELINE,496,0.6030466358128554,0.5994,brutalized,0.6955645161290323,0,0.30443548387096775,1,0.038306451612903226,wordfreq,v3.2,3.1.1,42233e6c36ce792031bcccfa17cdd0cec9af5fa7,zipf-linear-v1,false
WATERMELON,ORACLE,M8_HEURISTIC_BASELINE,,,,,,,,,,wordfreq,v3.2,3.1.1,42233e6c36ce792031bcccfa17cdd0cec9af5fa7,zipf-linear-v1,false
OSCILLATED,CASUAL,M8_HEURISTIC_BASELINE,44,0.56390885931559,0.58374,equivocate,0.06818181818181818,0,0.9318181818181818,1,0.3181818181818182,wordfreq,v3.2,3.1.1,42233e6c36ce792031bcccfa17cdd0cec9af5fa7,zipf-linear-v1,false
OSCILLATED,REGULAR,M8_HEURISTIC_BASELINE,397,0.5903274169120796,0.62514,ionization,0.7506297229219143,0,0.24937027707808565,1,0.015113350125944584,wordfreq,v3.2,3.1.1,42233e6c36ce792031bcccfa17cdd0cec9af5fa7,zipf-linear-v1,false
OSCILLATED,STRONG,M8_HEURISTIC_BASELINE,471,0.6133441020191244,0.6624,ionization,0.6751592356687898,0,0.3248407643312102,1,0.014861995753715499,wordfreq,v3.2,3.1.1,42233e6c36ce792031bcccfa17cdd0cec9af5fa7,zipf-linear-v1,false
OSCILLATED,EXPERT,M8_HEURISTIC_BASELINE,496,0.6196055154986475,0.5994,ionization,0.5887096774193549,0,0.4112903225806452,1,0.004032258064516129,wordfreq,v3.2,3.1.1,42233e6c36ce792031bcccfa17cdd0cec9af5fa7,zipf-linear-v1,false
OSCILLATED,ORACLE,M8_HEURISTIC_BASELINE,,,,,,,,,,wordfreq,v3.2,3.1.1,42233e6c36ce792031bcccfa17cdd0cec9af5fa7,zipf-linear-v1,false
ABANDONING,CASUAL,M8_HEURISTIC_BASELINE,117,0.55978210300429,0.58374,rejuvenate,0.02564102564102564,0,0.9743589743589743,1,0.3076923076923077,wordfreq,v3.2,3.1.1,42233e6c36ce792031bcccfa17cdd0cec9af5fa7,zipf-linear-v1,false
ABANDONING,REGULAR,M8_HEURISTIC_BASELINE,464,0.575576780523257,0.58437,rejection,0.7564655172413793,0,0.2435344827586207,1,0.032327586206896554,wordfreq,v3.2,3.1.1,42233e6c36ce792031bcccfa17cdd0cec9af5fa7,zipf-linear-v1,false
ABANDONING,STRONG,M8_HEURISTIC_BASELINE,499,0.5890251093907747,0.5760000000000001,quotations,0.5651302605210421,0,0.4348697394789579,1,0.07414829659318638,wordfreq,v3.2,3.1.1,42233e6c36ce792031bcccfa17cdd0cec9af5fa7,zipf-linear-v1,false
ABANDONING,EXPERT,M8_HEURISTIC_BASELINE,500,0.5971942145721887,0.5994,ejection,0.444,0,0.556,1,0.048,wordfreq,v3.2,3.1.1,42233e6c36ce792031bcccfa17cdd0cec9af5fa7,zipf-linear-v1,false
ABANDONING,ORACLE,M8_HEURISTIC_BASELINE,,,,,,,,,,wordfreq,v3.2,3.1.1,42233e6c36ce792031bcccfa17cdd0cec9af5fa7,zipf-linear-v1,false
ABSOLUTELY,CASUAL,M8_HEURISTIC_BASELINE,64,0.5675599738903403,0.58374,penalize,0.140625,0,0.859375,1,0.25,wordfreq,v3.2,3.1.1,42233e6c36ce792031bcccfa17cdd0cec9af5fa7,zipf-linear-v1,false
ABSOLUTELY,REGULAR,M8_HEURISTIC_BASELINE,432,0.5877236046511685,0.62514,westphalia,0.8101851851851852,0,0.18981481481481483,1,0.016203703703703703,wordfreq,v3.2,3.1.1,42233e6c36ce792031bcccfa17cdd0cec9af5fa7,zipf-linear-v1,false
ABSOLUTELY,STRONG,M8_HEURISTIC_BASELINE,496,0.6077157360406047,0.5760000000000001,fertilize,0.7318548387096774,0,0.26814516129032256,1,0.02620967741935484,wordfreq,v3.2,3.1.1,42233e6c36ce792031bcccfa17cdd0cec9af5fa7,zipf-linear-v1,false
ABSOLUTELY,EXPERT,M8_HEURISTIC_BASELINE,498,0.6171734138972738,0.5994,juiciest,0.927710843373494,0,0.07228915662650602,1,0,wordfreq,v3.2,3.1.1,42233e6c36ce792031bcccfa17cdd0cec9af5fa7,zipf-linear-v1,false
ABSOLUTELY,ORACLE,M8_HEURISTIC_BASELINE,,,,,,,,,,wordfreq,v3.2,3.1.1,42233e6c36ce792031bcccfa17cdd0cec9af5fa7,zipf-linear-v1,false
ACCESSIBLE,CASUAL,M8_HEURISTIC_BASELINE,96,0.5501968421052624,0.54567,asphyxiate,0.041666666666666664,0.010416666666666666,0.9583333333333334,1,0.4895833333333333,wordfreq,v3.2,3.1.1,42233e6c36ce792031bcccfa17cdd0cec9af5fa7,zipf-linear-v1,false
ACCESSIBLE,REGULAR,M8_HEURISTIC_BASELINE,464,0.5739752237177153,0.5436000000000001,ionization,0.6012931034482759,0,0.39870689655172414,1,0.07974137931034483,wordfreq,v3.2,3.1.1,42233e6c36ce792031bcccfa17cdd0cec9af5fa7,zipf-linear-v1,false
ACCESSIBLE,STRONG,M8_HEURISTIC_BASELINE,496,0.5918760487144759,0.5760000000000001,asphyxiate,0.5403225806451613,0.010080645161290322,0.4596774193548387,1,0.11895161290322581,wordfreq,v3.2,3.1.1,42233e6c36ce792031bcccfa17cdd0cec9af5fa7,zipf-linear-v1,false
ACCESSIBLE,EXPERT,M8_HEURISTIC_BASELINE,500,0.6036986461125984,0.5994,asphyxiate,0.698,0.014,0.302,1,0.03,wordfreq,v3.2,3.1.1,42233e6c36ce792031bcccfa17cdd0cec9af5fa7,zipf-linear-v1,false
ACCESSIBLE,ORACLE,M8_HEURISTIC_BASELINE,,,,,,,,,,wordfreq,v3.2,3.1.1,42233e6c36ce792031bcccfa17cdd0cec9af5fa7,zipf-linear-v1,false
ACCOUNTING,CASUAL,M8_HEURISTIC_BASELINE,36,0.5692875000000002,0.58374,boutiques,0.5833333333333334,0,0.4166666666666667,1,0.08333333333333333,wordfreq,v3.2,3.1.1,42233e6c36ce792031bcccfa17cdd0cec9af5fa7,zipf-linear-v1,false
ACCOUNTING,REGULAR,M8_HEURISTIC_BASELINE,361,0.5912038165817549,0.62514,inadequate,0.6371191135734072,0,0.3628808864265928,1,0.030470914127423823,wordfreq,v3.2,3.1.1,42233e6c36ce792031bcccfa17cdd0cec9af5fa7,zipf-linear-v1,false
ACCOUNTING,STRONG,M8_HEURISTIC_BASELINE,488,0.61286861063465,0.6192,inadequate,0.5450819672131147,0,0.45491803278688525,1,0.04918032786885246,wordfreq,v3.2,3.1.1,42233e6c36ce792031bcccfa17cdd0cec9af5fa7,zipf-linear-v1,false
ACCOUNTING,EXPERT,M8_HEURISTIC_BASELINE,497,0.6246220609017462,0.5994,exhibited,0.5633802816901409,0,0.43661971830985913,1,0.02012072434607646,wordfreq,v3.2,3.1.1,42233e6c36ce792031bcccfa17cdd0cec9af5fa7,zipf-linear-v1,false
ACCOUNTING,ORACLE,M8_HEURISTIC_BASELINE,,,,,,,,,,wordfreq,v3.2,3.1.1,42233e6c36ce792031bcccfa17cdd0cec9af5fa7,zipf-linear-v1,false
ADVENTURES,CASUAL,M8_HEURISTIC_BASELINE,84,0.5608422754491017,0.58374,exactitude,0.03571428571428571,0,0.9642857142857143,1,0.38095238095238093,wordfreq,v3.2,3.1.1,42233e6c36ce792031bcccfa17cdd0cec9af5fa7,zipf-linear-v1,false
ADVENTURES,REGULAR,M8_HEURISTIC_BASELINE,420,0.5816718922155719,0.62514,exactitude,0.6642857142857143,0,0.3357142857142857,1,0.03571428571428571,wordfreq,v3.2,3.1.1,42233e6c36ce792031bcccfa17cdd0cec9af5fa7,zipf-linear-v1,false
ADVENTURES,STRONG,M8_HEURISTIC_BASELINE,496,0.5973616216216143,0.5760000000000001,excretion,0.5100806451612904,0,0.4899193548387097,1,0.0967741935483871,wordfreq,v3.2,3.1.1,42233e6c36ce792031bcccfa17cdd0cec9af5fa7,zipf-linear-v1,false
ADVENTURES,EXPERT,M8_HEURISTIC_BASELINE,500,0.6131041452420634,0.5994,excitation,0.65,0,0.35,1,0.054,wordfreq,v3.2,3.1.1,42233e6c36ce792031bcccfa17cdd0cec9af5fa7,zipf-linear-v1,false
ADVENTURES,ORACLE,M8_HEURISTIC_BASELINE,,,,,,,,,,wordfreq,v3.2,3.1.1,42233e6c36ce792031bcccfa17cdd0cec9af5fa7,zipf-linear-v1,false
AGGRAVATED,CASUAL,M8_HEURISTIC_BASELINE,90,0.5620092578849708,0.58374,aquitaine,0.06666666666666667,0,0.9333333333333333,1,0.3,wordfreq,v3.2,3.1.1,42233e6c36ce792031bcccfa17cdd0cec9af5fa7,zipf-linear-v1,false
AGGRAVATED,REGULAR,M8_HEURISTIC_BASELINE,448,0.5825124962518776,0.62514,anxiously,0.6004464285714286,0,0.39955357142857145,1,0.049107142857142856,wordfreq,v3.2,3.1.1,42233e6c36ce792031bcccfa17cdd0cec9af5fa7,zipf-linear-v1,false
AGGRAVATED,STRONG,M8_HEURISTIC_BASELINE,497,0.5952858589267583,0.5760000000000001,anxiously,0.448692152917505,0,0.5513078470824949,1,0.08651911468812877,wordfreq,v3.2,3.1.1,42233e6c36ce792031bcccfa17cdd0cec9af5fa7,zipf-linear-v1,false
AGGRAVATED,EXPERT,M8_HEURISTIC_BASELINE,499,0.6039977466442908,0.5994,anxiously,0.6312625250501002,0,0.3687374749498998,1,0.026052104208416832,wordfreq,v3.2,3.1.1,42233e6c36ce792031bcccfa17cdd0cec9af5fa7,zipf-linear-v1,false
AGGRAVATED,ORACLE,M8_HEURISTIC_BASELINE,,,,,,,,,,wordfreq,v3.2,3.1.1,42233e6c36ce792031bcccfa17cdd0cec9af5fa7,zipf-linear-v1,false
AFTERTASTE,CASUAL,M8_HEURISTIC_BASELINE,53,0.5624436792452832,0.58374,equitation,0.05660377358490566,0.018867924528301886,0.9433962264150944,1,0.3018867924528302,wordfreq,v3.2,3.1.1,42233e6c36ce792031bcccfa17cdd0cec9af5fa7,zipf-linear-v1,false
AFTERTASTE,REGULAR,M8_HEURISTIC_BASELINE,437,0.5816671011149606,0.62514,epitomized,0.7116704805491991,0,0.28832951945080093,1,0.02517162471395881,wordfreq,v3.2,3.1.1,42233e6c36ce792031bcccfa17cdd0cec9af5fa7,zipf-linear-v1,false
AFTERTASTE,STRONG,M8_HEURISTIC_BASELINE,499,0.5986608403361315,0.5760000000000001,equitation,0.6312625250501002,0,0.3687374749498998,1,0.022044088176352707,wordfreq,v3.2,3.1.1,42233e6c36ce792031bcccfa17cdd0cec9af5fa7,zipf-linear-v1,false
AFTERTASTE,EXPERT,M8_HEURISTIC_BASELINE,500,0.6081980113636286,0.5994,homogenize,0.784,0,0.216,1,0.006,wordfreq,v3.2,3.1.1,42233e6c36ce792031bcccfa17cdd0cec9af5fa7,zipf-linear-v1,false
AFTERTASTE,ORACLE,M8_HEURISTIC_BASELINE,,,,,,,,,,wordfreq,v3.2,3.1.1,42233e6c36ce792031bcccfa17cdd0cec9af5fa7,zipf-linear-v1,false
AFFORDABLE,CASUAL,M8_HEURISTIC_BASELINE,170,0.5533559643916902,0.58374,journalese,0.01764705882352941,0,0.9823529411764705,1,0.4411764705882353,wordfreq,v3.2,3.1.1,42233e6c36ce792031bcccfa17cdd0cec9af5fa7,zipf-linear-v1,false
AFFORDABLE,REGULAR,M8_HEURISTIC_BASELINE,473,0.5693733582887689,0.5436000000000001,obsequious,0.7145877378435518,0,0.2854122621564482,1,0.03171247357293869,wordfreq,v3.2,3.1.1,42233e6c36ce792031bcccfa17cdd0cec9af5fa7,zipf-linear-v1,false
AFFORDABLE,STRONG,M8_HEURISTIC_BASELINE,498,0.5944828330522718,0.5760000000000001,obsequious,0.7128514056224899,0,0.28714859437751006,1,0.02208835341365462,wordfreq,v3.2,3.1.1,42233e6c36ce792031bcccfa17cdd0cec9af5fa7,zipf-linear-v1,false
AFFORDABLE,EXPERT,M8_HEURISTIC_BASELINE,500,0.6148814909638521,0.5994,obsequious,0.828,0,0.172,1,0.008,wordfreq,v3.2,3.1.1,42233e6c36ce792031bcccfa17cdd0cec9af5fa7,zipf-linear-v1,false
AFFORDABLE,ORACLE,M8_HEURISTIC_BASELINE,,,,,,,,,,wordfreq,v3.2,3.1.1,42233e6c36ce792031bcccfa17cdd0cec9af5fa7,zipf-linear-v1,false
WATERMELON,CASUAL,M81_FREQUENCY_MODEL,16,0.1644618503524959,0.15171532748182243,carouse,0,1,1,1,1,wordfreq,v3.2,3.1.1,42233e6c36ce792031bcccfa17cdd0cec9af5fa7,zipf-linear-v1,false
WATERMELON,REGULAR,M81_FREQUENCY_MODEL,54,0.2909099121405104,0.2524005014806449,bonier,0,0.9814814814814815,1,1,1,wordfreq,v3.2,3.1.1,42233e6c36ce792031bcccfa17cdd0cec9af5fa7,zipf-linear-v1,false
WATERMELON,STRONG,M81_FREQUENCY_MODEL,108,0.48591643507196036,0.4866210684126981,zairian,0.009259259259259259,0.09259259259259259,0.9907407407407407,1,0.9537037037037037,wordfreq,v3.2,3.1.1,42233e6c36ce792031bcccfa17cdd0cec9af5fa7,zipf-linear-v1,false
WATERMELON,EXPERT,M81_FREQUENCY_MODEL,273,0.6072593830418588,0.6070521488379135,gaudier,0.18315018315018314,0,0.8168498168498168,1,0.42857142857142855,wordfreq,v3.2,3.1.1,42233e6c36ce792031bcccfa17cdd0cec9af5fa7,zipf-linear-v1,false
WATERMELON,ORACLE,M81_FREQUENCY_MODEL,,,,,,,,,,wordfreq,v3.2,3.1.1,42233e6c36ce792031bcccfa17cdd0cec9af5fa7,zipf-linear-v1,false
OSCILLATED,CASUAL,M81_FREQUENCY_MODEL,3,0.1347308245468469,0.10514938171370686,lawyered,0,1,1,1,1,wordfreq,v3.2,3.1.1,42233e6c36ce792031bcccfa17cdd0cec9af5fa7,zipf-linear-v1,false
OSCILLATED,REGULAR,M81_FREQUENCY_MODEL,23,0.27043632349937347,0.25349052771658204,achoo,0,1,1,1,1,wordfreq,v3.2,3.1.1,42233e6c36ce792031bcccfa17cdd0cec9af5fa7,zipf-linear-v1,false
OSCILLATED,STRONG,M81_FREQUENCY_MODEL,60,0.47598444532452755,0.49329339634387614,opaline,0,0.5166666666666667,1,1,0.95,wordfreq,v3.2,3.1.1,42233e6c36ce792031bcccfa17cdd0cec9af5fa7,zipf-linear-v1,false
OSCILLATED,EXPERT,M81_FREQUENCY_MODEL,173,0.6166058179217285,0.6227631865277482,aerostats,0.1676300578034682,0,0.8323699421965318,1,0.3583815028901734,wordfreq,v3.2,3.1.1,42233e6c36ce792031bcccfa17cdd0cec9af5fa7,zipf-linear-v1,false
OSCILLATED,ORACLE,M81_FREQUENCY_MODEL,,,,,,,,,,wordfreq,v3.2,3.1.1,42233e6c36ce792031bcccfa17cdd0cec9af5fa7,zipf-linear-v1,false
ABANDONING,CASUAL,M81_FREQUENCY_MODEL,9,0.1584127569232432,0.14849851879406373,paglia,0,1,1,1,1,wordfreq,v3.2,3.1.1,42233e6c36ce792031bcccfa17cdd0cec9af5fa7,zipf-linear-v1,false
ABANDONING,REGULAR,M81_FREQUENCY_MODEL,52,0.2921227667893786,0.2556816169426712,cowslip,0,0.9807692307692307,1,1,1,wordfreq,v3.2,3.1.1,42233e6c36ce792031bcccfa17cdd0cec9af5fa7,zipf-linear-v1,false
ABANDONING,STRONG,M81_FREQUENCY_MODEL,133,0.5019971610581092,0.51,carouse,0,0.11278195488721804,1,1,0.9398496240601504,wordfreq,v3.2,3.1.1,42233e6c36ce792031bcccfa17cdd0cec9af5fa7,zipf-linear-v1,false
ABANDONING,EXPERT,M81_FREQUENCY_MODEL,391,0.6481081733425069,0.6783603051678547,anorthite,0.39641943734015345,0.0025575447570332483,0.6035805626598465,1,0.1867007672634271,wordfreq,v3.2,3.1.1,42233e6c36ce792031bcccfa17cdd0cec9af5fa7,zipf-linear-v1,false
ABANDONING,ORACLE,M81_FREQUENCY_MODEL,,,,,,,,,,wordfreq,v3.2,3.1.1,42233e6c36ce792031bcccfa17cdd0cec9af5fa7,zipf-linear-v1,false
ABSOLUTELY,CASUAL,M81_FREQUENCY_MODEL,11,0.16809458509379832,0.13162424955618257,garbed,0,1,1,1,1,wordfreq,v3.2,3.1.1,42233e6c36ce792031bcccfa17cdd0cec9af5fa7,zipf-linear-v1,false
ABSOLUTELY,REGULAR,M81_FREQUENCY_MODEL,31,0.2875466151815821,0.2491525789301232,jocose,0,0.967741935483871,1,1,1,wordfreq,v3.2,3.1.1,42233e6c36ce792031bcccfa17cdd0cec9af5fa7,zipf-linear-v1,false
ABSOLUTELY,STRONG,M81_FREQUENCY_MODEL,93,0.4835145213578819,0.49997308848190264,jocose,0,0.17204301075268819,1,1,0.8602150537634409,wordfreq,v3.2,3.1.1,42233e6c36ce792031bcccfa17cdd0cec9af5fa7,zipf-linear-v1,false
ABSOLUTELY,EXPERT,M81_FREQUENCY_MODEL,224,0.6020190439098402,0.5893979751022373,jocose,0.16964285714285715,0.017857142857142856,0.8303571428571429,1,0.5133928571428571,wordfreq,v3.2,3.1.1,42233e6c36ce792031bcccfa17cdd0cec9af5fa7,zipf-linear-v1,false
ABSOLUTELY,ORACLE,M81_FREQUENCY_MODEL,,,,,,,,,,wordfreq,v3.2,3.1.1,42233e6c36ce792031bcccfa17cdd0cec9af5fa7,zipf-linear-v1,false
ACCESSIBLE,CASUAL,M81_FREQUENCY_MODEL,12,0.1790160681765295,0.1465983988130556,yaupon,0,1,1,1,1,wordfreq,v3.2,3.1.1,42233e6c36ce792031bcccfa17cdd0cec9af5fa7,zipf-linear-v1,false
ACCESSIBLE,REGULAR,M81_FREQUENCY_MODEL,55,0.2916091664544473,0.2914732577299559,obloquy,0,0.9454545454545454,1,1,1,wordfreq,v3.2,3.1.1,42233e6c36ce792031bcccfa17cdd0cec9af5fa7,zipf-linear-v1,false
ACCESSIBLE,STRONG,M81_FREQUENCY_MODEL,121,0.4841545863395409,0.4882882996329176,kelter,0,0.1487603305785124,1,1,0.9421487603305785,wordfreq,v3.2,3.1.1,42233e6c36ce792031bcccfa17cdd0cec9af5fa7,zipf-linear-v1,false
ACCESSIBLE,EXPERT,M81_FREQUENCY_MODEL,257,0.5942683621563254,0.6140579617856899,johnie,0.1556420233463035,0,0.8443579766536965,1,0.47470817120622566,wordfreq,v3.2,3.1.1,42233e6c36ce792031bcccfa17cdd0cec9af5fa7,zipf-linear-v1,false
ACCESSIBLE,ORACLE,M81_FREQUENCY_MODEL,,,,,,,,,,wordfreq,v3.2,3.1.1,42233e6c36ce792031bcccfa17cdd0cec9af5fa7,zipf-linear-v1,false
ACCOUNTING,CASUAL,M81_FREQUENCY_MODEL,5,0.14570253257457005,0.13449772627649578,angelita,0,1,1,1,1,wordfreq,v3.2,3.1.1,42233e6c36ce792031bcccfa17cdd0cec9af5fa7,zipf-linear-v1,false
ACCOUNTING,REGULAR,M81_FREQUENCY_MODEL,24,0.25142691674382917,0.22537030006039666,fondues,0,1,1,1,1,wordfreq,v3.2,3.1.1,42233e6c36ce792031bcccfa17cdd0cec9af5fa7,zipf-linear-v1,false
ACCOUNTING,STRONG,M81_FREQUENCY_MODEL,62,0.4616285551842392,0.4733101971167444,sodomizes,0,0.5,1,1,0.9838709677419355,wordfreq,v3.2,3.1.1,42233e6c36ce792031bcccfa17cdd0cec9af5fa7,zipf-linear-v1,false
ACCOUNTING,EXPERT,M81_FREQUENCY_MODEL,207,0.609099976655155,0.6382686113033089,litigates,0.19806763285024154,0.00966183574879227,0.8019323671497585,1,0.3188405797101449,wordfreq,v3.2,3.1.1,42233e6c36ce792031bcccfa17cdd0cec9af5fa7,zipf-linear-v1,false
ACCOUNTING,ORACLE,M81_FREQUENCY_MODEL,,,,,,,,,,wordfreq,v3.2,3.1.1,42233e6c36ce792031bcccfa17cdd0cec9af5fa7,zipf-linear-v1,false
ADVENTURES,CASUAL,M81_FREQUENCY_MODEL,10,0.16572705120205414,0.13922062268667307,gasohol,0,1,1,1,1,wordfreq,v3.2,3.1.1,42233e6c36ce792031bcccfa17cdd0cec9af5fa7,zipf-linear-v1,false
ADVENTURES,REGULAR,M81_FREQUENCY_MODEL,38,0.2940943629503172,0.2714262019871753,deciliter,0,1,1,1,1,wordfreq,v3.2,3.1.1,42233e6c36ce792031bcccfa17cdd0cec9af5fa7,zipf-linear-v1,false
ADVENTURES,STRONG,M81_FREQUENCY_MODEL,75,0.484531018580413,0.5066572043461646,avuncular,0,0.14666666666666667,1,1,0.8933333333333333,wordfreq,v3.2,3.1.1,42233e6c36ce792031bcccfa17cdd0cec9af5fa7,zipf-linear-v1,false
ADVENTURES,EXPERT,M81_FREQUENCY_MODEL,177,0.5995927013513084,0.6140579617856899,gasohol,0.10734463276836158,0.01694915254237288,0.8926553672316384,1,0.519774011299435,wordfreq,v3.2,3.1.1,42233e6c36ce792031bcccfa17cdd0cec9af5fa7,zipf-linear-v1,false
ADVENTURES,ORACLE,M81_FREQUENCY_MODEL,,,,,,,,,,wordfreq,v3.2,3.1.1,42233e6c36ce792031bcccfa17cdd0cec9af5fa7,zipf-linear-v1,false
AGGRAVATED,CASUAL,M81_FREQUENCY_MODEL,8,0.16408540182621253,0.14409968192282405,enlistee,0,1,1,1,1,wordfreq,v3.2,3.1.1,42233e6c36ce792031bcccfa17cdd0cec9af5fa7,zipf-linear-v1,false
AGGRAVATED,REGULAR,M81_FREQUENCY_MODEL,43,0.26835339402397607,0.25131416349247254,penurious,0,0.9534883720930233,1,1,1,wordfreq,v3.2,3.1.1,42233e6c36ce792031bcccfa17cdd0cec9af5fa7,zipf-linear-v1,false
AGGRAVATED,STRONG,M81_FREQUENCY_MODEL,103,0.4877563265478435,0.4799590321977648,anacin,0,0.11650485436893204,1,1,0.970873786407767,wordfreq,v3.2,3.1.1,42233e6c36ce792031bcccfa17cdd0cec9af5fa7,zipf-linear-v1,false
AGGRAVATED,EXPERT,M81_FREQUENCY_MODEL,325,0.6362435192713317,0.6382686113033089,aggrieve,0.3323076923076923,0.003076923076923077,0.6676923076923077,1,0.2553846153846154,wordfreq,v3.2,3.1.1,42233e6c36ce792031bcccfa17cdd0cec9af5fa7,zipf-linear-v1,false
AGGRAVATED,ORACLE,M81_FREQUENCY_MODEL,,,,,,,,,,wordfreq,v3.2,3.1.1,42233e6c36ce792031bcccfa17cdd0cec9af5fa7,zipf-linear-v1,false
AFTERTASTE,CASUAL,M81_FREQUENCY_MODEL,6,0.15817619168338176,0.1288103419704728,achoo,0,1,1,1,1,wordfreq,v3.2,3.1.1,42233e6c36ce792031bcccfa17cdd0cec9af5fa7,zipf-linear-v1,false
AFTERTASTE,REGULAR,M81_FREQUENCY_MODEL,23,0.25753724562314156,0.23649606832137107,debarment,0,1,1,1,1,wordfreq,v3.2,3.1.1,42233e6c36ce792031bcccfa17cdd0cec9af5fa7,zipf-linear-v1,false
AFTERTASTE,STRONG,M81_FREQUENCY_MODEL,61,0.469434590031557,0.48495448051312573,equable,0,0.26229508196721313,1,1,0.9672131147540983,wordfreq,v3.2,3.1.1,42233e6c36ce792031bcccfa17cdd0cec9af5fa7,zipf-linear-v1,false
AFTERTASTE,EXPERT,M81_FREQUENCY_MODEL,254,0.5947895919265574,0.6158037968166964,anaerobe,0.11023622047244094,0,0.889763779527559,1,0.594488188976378,wordfreq,v3.2,3.1.1,42233e6c36ce792031bcccfa17cdd0cec9af5fa7,zipf-linear-v1,false
AFTERTASTE,ORACLE,M81_FREQUENCY_MODEL,,,,,,,,,,wordfreq,v3.2,3.1.1,42233e6c36ce792031bcccfa17cdd0cec9af5fa7,zipf-linear-v1,false
AFFORDABLE,CASUAL,M81_FREQUENCY_MODEL,34,0.18163580450946354,0.1645141732973075,woolens,0,1,1,1,1,wordfreq,v3.2,3.1.1,42233e6c36ce792031bcccfa17cdd0cec9af5fa7,zipf-linear-v1,false
AFFORDABLE,REGULAR,M81_FREQUENCY_MODEL,81,0.29282927236663675,0.2783878011244493,opaline,0,0.9382716049382716,1,1,1,wordfreq,v3.2,3.1.1,42233e6c36ce792031bcccfa17cdd0cec9af5fa7,zipf-linear-v1,false
AFFORDABLE,STRONG,M81_FREQUENCY_MODEL,159,0.48868349296049957,0.49997308848190264,overate,0.006289308176100629,0.16981132075471697,0.9937106918238994,1,0.8930817610062893,wordfreq,v3.2,3.1.1,42233e6c36ce792031bcccfa17cdd0cec9af5fa7,zipf-linear-v1,false
AFFORDABLE,EXPERT,M81_FREQUENCY_MODEL,336,0.6178293417964471,0.6348425007052776,coyer,0.25595238095238093,0.005952380952380952,0.7440476190476191,1,0.3392857142857143,wordfreq,v3.2,3.1.1,42233e6c36ce792031bcccfa17cdd0cec9af5fa7,zipf-linear-v1,false
AFFORDABLE,ORACLE,M81_FREQUENCY_MODEL,,,,,,,,,,wordfreq,v3.2,3.1.1,42233e6c36ce792031bcccfa17cdd0cec9af5fa7,zipf-linear-v1,false
