puzzle,answer,player_model,accessibility_system,runs,mean_score,median_score,gold_rate,silver_rate,bronze_rate,hexalink_rate,mean_played_word_familiarity,rare_word_dependency,mean_known_moves,mean_noticed_moves,gold_games,mean_gold_word_familiarity,median_gold_word_familiarity,least_familiar_word,gold_familiar_only_50,gold_low_dependency_25,gold_low_dependency_50,gold_low_dependency_75,gold_multiple_low_50,familiarity_source,source_version,source_package_version,source_revision,normalization_version,fallback_used
WATERMELON,WATERMELON,CASUAL,M8_HEURISTIC_BASELINE,500,86.712,85,0.158,0.766,0.076,0.412,0.5753507949790833,0.9240506329113924,5.648666666666666,6.299,79,0.5583331712473574,0.58374,itemizers,0.0759493670886076,0,0.9240506329113924,1,0.34177215189873417,wordfreq,v3.2,3.1.1,42233e6c36ce792031bcccfa17cdd0cec9af5fa7,zipf-linear-v1,false
WATERMELON,WATERMELON,REGULAR,M8_HEURISTIC_BASELINE,500,107.562,107,0.752,0.242,0.006,0.3,0.5814523467302494,0.30851063829787234,21.456,22.698,376,0.5765910080285456,0.58437,metabolize,0.6914893617021277,0,0.30851063829787234,1,0.03723404255319149,wordfreq,v3.2,3.1.1,42233e6c36ce792031bcccfa17cdd0cec9af5fa7,zipf-linear-v1,false
WATERMELON,WATERMELON,STRONG,M8_HEURISTIC_BASELINE,500,114.64,115,0.934,0.066,0,0,0.5943908663532573,0.430406852248394,52.04966666666667,54.52166666666667,467,0.5930258318425778,0.5760000000000001,metabolize,0.569593147751606,0,0.430406852248394,1,0.06423982869379015,wordfreq,v3.2,3.1.1,42233e6c36ce792031bcccfa17cdd0cec9af5fa7,zipf-linear-v1,false
WATERMELON,WATERMELON,EXPERT,M8_HEURISTIC_BASELINE,500,123.182,125,0.992,0.008,0,0,0.6030706820461363,0.30443548387096775,105.91666666666667,108.404,496,0.6030466358128554,0.5994,brutalized,0.6955645161290323,0,0.30443548387096775,1,0.038306451612903226,wordfreq,v3.2,3.1.1,42233e6c36ce792031bcccfa17cdd0cec9af5fa7,zipf-linear-v1,false
WATERMELON,WATERMELON,ORACLE,M8_HEURISTIC_BASELINE,1,110,110,1,0,0,1,,,,,,,,,,,,,,wordfreq,v3.2,3.1.1,42233e6c36ce792031bcccfa17cdd0cec9af5fa7,zipf-linear-v1,false
OSCILLATED,OSCILLATED,CASUAL,M8_HEURISTIC_BASELINE,500,84.718,85,0.088,0.814,0.098,0.512,0.5838285554780247,0.9318181818181818,5.804333333333333,6.386666666666667,44,0.56390885931559,0.58374,equivocate,0.06818181818181818,0,0.9318181818181818,1,0.3181818181818182,wordfreq,v3.2,3.1.1,42233e6c36ce792031bcccfa17cdd0cec9af5fa7,zipf-linear-v1,false
OSCILLATED,OSCILLATED,REGULAR,M8_HEURISTIC_BASELINE,500,107.598,107,0.794,0.206,0,0.754,0.5924877231082543,0.24937027707808565,22.129666666666665,22.938333333333333,397,0.5903274169120796,0.62514,ionization,0.7506297229219143,0,0.24937027707808565,1,0.015113350125944584,wordfreq,v3.2,3.1.1,42233e6c36ce792031bcccfa17cdd0cec9af5fa7,zipf-linear-v1,false
OSCILLATED,OSCILLATED,STRONG,M8_HEURISTIC_BASELINE,500,113.208,113,0.942,0.058,0,0.466,0.6136118200134267,0.3248407643312102,54.946,56.531666666666666,471,0.6133441020191244,0.6624,ionization,0.6751592356687898,0,0.3248407643312102,1,0.014861995753715499,wordfreq,v3.2,3.1.1,42233e6c36ce792031bcccfa17cdd0cec9af5fa7,zipf-linear-v1,false
OSCILLATED,OSCILLATED,EXPERT,M8_HEURISTIC_BASELINE,500,116.284,115,0.992,0.008,0,0,0.6195989176982222,0.4112903225806452,116.009,117.24633333333334,496,0.6196055154986475,0.5994,ionization,0.5887096774193549,0,0.4112903225806452,1,0.004032258064516129,wordfreq,v3.2,3.1.1,42233e6c36ce792031bcccfa17cdd0cec9af5fa7,zipf-linear-v1,false
OSCILLATED,OSCILLATED,ORACLE,M8_HEURISTIC_BASELINE,1,105,105,1,0,0,1,,,,,,,,,,,,,,wordfreq,v3.2,3.1.1,42233e6c36ce792031bcccfa17cdd0cec9af5fa7,zipf-linear-v1,false
ABANDONING,ABANDONING,CASUAL,M8_HEURISTIC_BASELINE,500,88.914,89,0.234,0.672,0.094,0.548,0.5767882080112485,0.9743589743589743,5.812,6.325,117,0.55978210300429,0.58374,rejuvenate,0.02564102564102564,0,0.9743589743589743,1,0.3076923076923077,wordfreq,v3.2,3.1.1,42233e6c36ce792031bcccfa17cdd0cec9af5fa7,zipf-linear-v1,false
ABANDONING,ABANDONING,REGULAR,M8_HEURISTIC_BASELINE,500,117.004,117,0.928,0.072,0,0.772,0.5762863115032252,0.2435344827586207,22.11,22.800666666666668,464,0.575576780523257,0.58437,rejection,0.7564655172413793,0,0.2435344827586207,1,0.032327586206896554,wordfreq,v3.2,3.1.1,42233e6c36ce792031bcccfa17cdd0cec9af5fa7,zipf-linear-v1,false
ABANDONING,ABANDONING,STRONG,M8_HEURISTIC_BASELINE,500,127.332,127,0.998,0.002,0,0.926,0.5890714141753415,0.4348697394789579,54.427,55.941,499,0.5890251093907747,0.5760000000000001,quotations,0.5651302605210421,0,0.4348697394789579,1,0.07414829659318638,wordfreq,v3.2,3.1.1,42233e6c36ce792031bcccfa17cdd0cec9af5fa7,zipf-linear-v1,false
ABANDONING,ABANDONING,EXPERT,M8_HEURISTIC_BASELINE,500,135.236,135,1,0,0,1,0.5971942145721887,0.556,115.12104034678227,117.06835611870623,500,0.5971942145721887,0.5994,ejection,0.444,0,0.556,1,0.048,wordfreq,v3.2,3.1.1,42233e6c36ce792031bcccfa17cdd0cec9af5fa7,zipf-linear-v1,false
ABANDONING,ABANDONING,ORACLE,M8_HEURISTIC_BASELINE,1,110,110,1,0,0,1,,,,,,,,,,,,,,wordfreq,v3.2,3.1.1,42233e6c36ce792031bcccfa17cdd0cec9af5fa7,zipf-linear-v1,false
ABSOLUTELY,ABSOLUTELY,CASUAL,M8_HEURISTIC_BASELINE,500,83.82,82,0.128,0.746,0.126,0.39,0.5865136249125351,0.859375,5.943,6.435333333333333,64,0.5675599738903403,0.58374,penalize,0.140625,0,0.859375,1,0.25,wordfreq,v3.2,3.1.1,42233e6c36ce792031bcccfa17cdd0cec9af5fa7,zipf-linear-v1,false
ABSOLUTELY,ABSOLUTELY,REGULAR,M8_HEURISTIC_BASELINE,500,115.442,115,0.864,0.136,0,0.746,0.5895556780520878,0.18981481481481483,22.502666666666666,23.19333333333333,432,0.5877236046511685,0.62514,westphalia,0.8101851851851852,0,0.18981481481481483,1,0.016203703703703703,wordfreq,v3.2,3.1.1,42233e6c36ce792031bcccfa17cdd0cec9af5fa7,zipf-linear-v1,false
ABSOLUTELY,ABSOLUTELY,STRONG,M8_HEURISTIC_BASELINE,500,129.334,130,0.992,0.008,0,0.904,0.6077822580645117,0.26814516129032256,55.39066666666667,56.91266666666667,496,0.6077157360406047,0.5760000000000001,fertilize,0.7318548387096774,0,0.26814516129032256,1,0.02620967741935484,wordfreq,v3.2,3.1.1,42233e6c36ce792031bcccfa17cdd0cec9af5fa7,zipf-linear-v1,false
ABSOLUTELY,ABSOLUTELY,EXPERT,M8_HEURISTIC_BASELINE,500,139.468,140,0.996,0.004,0,0.998,0.6172402409638482,0.07228915662650602,115.00266666666667,116.21233333333333,498,0.6171734138972738,0.5994,juiciest,0.927710843373494,0,0.07228915662650602,1,0,wordfreq,v3.2,3.1.1,42233e6c36ce792031bcccfa17cdd0cec9af5fa7,zipf-linear-v1,false
ABSOLUTELY,ABSOLUTELY,ORACLE,M8_HEURISTIC_BASELINE,1,105,105,1,0,0,1,,,,,,,,,,,,,,wordfreq,v3.2,3.1.1,42233e6c36ce792031bcccfa17cdd0cec9af5fa7,zipf-linear-v1,false
ACCESSIBLE,ACCESSIBLE,CASUAL,M8_HEURISTIC_BASELINE,500,88.36,89,0.192,0.708,0.1,0.556,0.5725324213836533,0.9583333333333334,5.53,6.334666666666666,96,0.5501968421052624,0.54567,asphyxiate,0.041666666666666664,0.010416666666666666,0.9583333333333334,1,0.4895833333333333,wordfreq,v3.2,3.1.1,42233e6c36ce792031bcccfa17cdd0cec9af5fa7,zipf-linear-v1,false
ACCESSIBLE,ACCESSIBLE,REGULAR,M8_HEURISTIC_BASELINE,500,116.326,115,0.928,0.072,0,0.902,0.5750418067369851,0.39870689655172414,21.179333333333332,22.575,464,0.5739752237177153,0.5436000000000001,ionization,0.6012931034482759,0,0.39870689655172414,1,0.07974137931034483,wordfreq,v3.2,3.1.1,42233e6c36ce792031bcccfa17cdd0cec9af5fa7,zipf-linear-v1,false
ACCESSIBLE,ACCESSIBLE,STRONG,M8_HEURISTIC_BASELINE,500,126.522,125,0.992,0.008,0,0.986,0.5918806451612869,0.4596774193548387,51.788333333333334,54.88666666666666,496,0.5918760487144759,0.5760000000000001,asphyxiate,0.5403225806451613,0.010080645161290322,0.4596774193548387,1,0.11895161290322581,wordfreq,v3.2,3.1.1,42233e6c36ce792031bcccfa17cdd0cec9af5fa7,zipf-linear-v1,false
ACCESSIBLE,ACCESSIBLE,EXPERT,M8_HEURISTIC_BASELINE,500,131.014,130,1,0,0,1,0.6036986461125984,0.302,108.26033333333334,111.214,500,0.6036986461125984,0.5994,asphyxiate,0.698,0.014,0.302,1,0.03,wordfreq,v3.2,3.1.1,42233e6c36ce792031bcccfa17cdd0cec9af5fa7,zipf-linear-v1,false
ACCESSIBLE,ACCESSIBLE,ORACLE,M8_HEURISTIC_BASELINE,1,110,110,1,0,0,1,,,,,,,,,,,,,,wordfreq,v3.2,3.1.1,42233e6c36ce792031bcccfa17cdd0cec9af5fa7,zipf-linear-v1,false
ACCOUNTING,ACCOUNTING,CASUAL,M8_HEURISTIC_BASELINE,500,82.038,82,0.072,0.79,0.138,0.436,0.588938634453785,0.4166666666666667,5.71,6.325333333333333,36,0.5692875000000002,0.58374,boutiques,0.5833333333333334,0,0.4166666666666667,1,0.08333333333333333,wordfreq,v3.2,3.1.1,42233e6c36ce792031bcccfa17cdd0cec9af5fa7,zipf-linear-v1,false
ACCOUNTING,ACCOUNTING,REGULAR,M8_HEURISTIC_BASELINE,500,105.46,105,0.722,0.278,0,0.63,0.5950498368456937,0.3628808864265928,21.981333333333332,23.008666666666667,361,0.5912038165817549,0.62514,inadequate,0.6371191135734072,0,0.3628808864265928,1,0.030470914127423823,wordfreq,v3.2,3.1.1,42233e6c36ce792031bcccfa17cdd0cec9af5fa7,zipf-linear-v1,false
ACCOUNTING,ACCOUNTING,STRONG,M8_HEURISTIC_BASELINE,500,116.216,115,0.976,0.024,0,0.86,0.6131661744966459,0.45491803278688525,53.77033333333333,56.10333333333333,488,0.61286861063465,0.6192,inadequate,0.5450819672131147,0,0.45491803278688525,1,0.04918032786885246,wordfreq,v3.2,3.1.1,42233e6c36ce792031bcccfa17cdd0cec9af5fa7,zipf-linear-v1,false
ACCOUNTING,ACCOUNTING,EXPERT,M8_HEURISTIC_BASELINE,500,122.506,122,0.994,0.006,0,0.996,0.6248114563106761,0.43661971830985913,113.70213475650434,115.8028685790527,497,0.6246220609017462,0.5994,exhibited,0.5633802816901409,0,0.43661971830985913,1,0.02012072434607646,wordfreq,v3.2,3.1.1,42233e6c36ce792031bcccfa17cdd0cec9af5fa7,zipf-linear-v1,false
ACCOUNTING,ACCOUNTING,ORACLE,M8_HEURISTIC_BASELINE,1,105,105,1,0,0,1,,,,,,,,,,,,,,wordfreq,v3.2,3.1.1,42233e6c36ce792031bcccfa17cdd0cec9af5fa7,zipf-linear-v1,false
ADVENTURES,ADVENTURES,CASUAL,M8_HEURISTIC_BASELINE,500,87.238,88,0.168,0.736,0.096,0.54,0.5782659687500064,0.9642857142857143,5.618,6.314666666666667,84,0.5608422754491017,0.58374,exactitude,0.03571428571428571,0,0.9642857142857143,1,0.38095238095238093,wordfreq,v3.2,3.1.1,42233e6c36ce792031bcccfa17cdd0cec9af5fa7,zipf-linear-v1,false
ADVENTURES,ADVENTURES,REGULAR,M8_HEURISTIC_BASELINE,500,112.64,112,0.84,0.16,0,0.822,0.5837263682604316,0.3357142857142857,21.607333333333333,22.676,420,0.5816718922155719,0.62514,exactitude,0.6642857142857143,0,0.3357142857142857,1,0.03571428571428571,wordfreq,v3.2,3.1.1,42233e6c36ce792031bcccfa17cdd0cec9af5fa7,zipf-linear-v1,false
ADVENTURES,ADVENTURES,STRONG,M8_HEURISTIC_BASELINE,500,124.632,125,0.992,0.008,0,0.926,0.5975694164989865,0.4899193548387097,52.657885961987326,55.0053351117039,496,0.5973616216216143,0.5760000000000001,excretion,0.5100806451612904,0,0.4899193548387097,1,0.0967741935483871,wordfreq,v3.2,3.1.1,42233e6c36ce792031bcccfa17cdd0cec9af5fa7,zipf-linear-v1,false
ADVENTURES,ADVENTURES,EXPERT,M8_HEURISTIC_BASELINE,500,133.538,135,1,0,0,0.998,0.6131041452420634,0.35,112.502,114.08566666666667,500,0.6131041452420634,0.5994,excitation,0.65,0,0.35,1,0.054,wordfreq,v3.2,3.1.1,42233e6c36ce792031bcccfa17cdd0cec9af5fa7,zipf-linear-v1,false
ADVENTURES,ADVENTURES,ORACLE,M8_HEURISTIC_BASELINE,1,110,110,1,0,0,1,,,,,,,,,,,,,,wordfreq,v3.2,3.1.1,42233e6c36ce792031bcccfa17cdd0cec9af5fa7,zipf-linear-v1,false
AGGRAVATED,AGGRAVATED,CASUAL,M8_HEURISTIC_BASELINE,500,86.63,86,0.18,0.726,0.092,0.448,0.5791383263598375,0.9333333333333333,5.732333333333333,6.358666666666666,90,0.5620092578849708,0.58374,aquitaine,0.06666666666666667,0,0.9333333333333333,1,0.3,wordfreq,v3.2,3.1.1,42233e6c36ce792031bcccfa17cdd0cec9af5fa7,zipf-linear-v1,false
AGGRAVATED,AGGRAVATED,REGULAR,M8_HEURISTIC_BASELINE,500,114.198,115,0.896,0.104,0,0.698,0.5838414744673707,0.39955357142857145,21.726,22.777333333333335,448,0.5825124962518776,0.62514,anxiously,0.6004464285714286,0,0.39955357142857145,1,0.049107142857142856,wordfreq,v3.2,3.1.1,42233e6c36ce792031bcccfa17cdd0cec9af5fa7,zipf-linear-v1,false
AGGRAVATED,AGGRAVATED,STRONG,M8_HEURISTIC_BASELINE,500,127.652,127,0.994,0.006,0,0.858,0.5953771812080485,0.5513078470824949,52.47933333333334,54.69833333333333,497,0.5952858589267583,0.5760000000000001,anxiously,0.448692152917505,0,0.5513078470824949,1,0.08651911468812877,wordfreq,v3.2,3.1.1,42233e6c36ce792031bcccfa17cdd0cec9af5fa7,zipf-linear-v1,false
AGGRAVATED,AGGRAVATED,EXPERT,M8_HEURISTIC_BASELINE,500,138.918,140,0.998,0.002,0,0.998,0.6039798659517381,0.3687374749498998,109.23,110.71,499,0.6039977466442908,0.5994,anxiously,0.6312625250501002,0,0.3687374749498998,1,0.026052104208416832,wordfreq,v3.2,3.1.1,42233e6c36ce792031bcccfa17cdd0cec9af5fa7,zipf-linear-v1,false
AGGRAVATED,AGGRAVATED,ORACLE,M8_HEURISTIC_BASELINE,1,110,110,1,0,0,1,,,,,,,,,,,,,,wordfreq,v3.2,3.1.1,42233e6c36ce792031bcccfa17cdd0cec9af5fa7,zipf-linear-v1,false
AFTERTASTE,AFTERTASTE,CASUAL,M8_HEURISTIC_BASELINE,500,84.368,85,0.106,0.78,0.114,0.486,0.5815343995786579,0.9433962264150944,5.850666666666666,6.410333333333333,53,0.5624436792452832,0.58374,equitation,0.05660377358490566,0.018867924528301886,0.9433962264150944,1,0.3018867924528302,wordfreq,v3.2,3.1.1,42233e6c36ce792031bcccfa17cdd0cec9af5fa7,zipf-linear-v1,false
AFTERTASTE,AFTERTASTE,REGULAR,M8_HEURISTIC_BASELINE,500,110.208,110,0.874,0.126,0,0.784,0.5835163186440739,0.28832951945080093,22.25733333333333,23.085333333333335,437,0.5816671011149606,0.62514,epitomized,0.7116704805491991,0,0.28832951945080093,1,0.02517162471395881,wordfreq,v3.2,3.1.1,42233e6c36ce792031bcccfa17cdd0cec9af5fa7,zipf-linear-v1,false
AFTERTASTE,AFTERTASTE,STRONG,M8_HEURISTIC_BASELINE,500,123.216,122,0.998,0.002,0,0.954,0.5986808053691246,0.3687374749498998,52.74466666666667,54.571,499,0.5986608403361315,0.5760000000000001,equitation,0.6312625250501002,0,0.3687374749498998,1,0.022044088176352707,wordfreq,v3.2,3.1.1,42233e6c36ce792031bcccfa17cdd0cec9af5fa7,zipf-linear-v1,false
AFTERTASTE,AFTERTASTE,EXPERT,M8_HEURISTIC_BASELINE,500,132.184,130,1,0,0,1,0.6081980113636286,0.216,104.524,106.079,500,0.6081980113636286,0.5994,homogenize,0.784,0,0.216,1,0.006,wordfreq,v3.2,3.1.1,42233e6c36ce792031bcccfa17cdd0cec9af5fa7,zipf-linear-v1,false
AFTERTASTE,AFTERTASTE,ORACLE,M8_HEURISTIC_BASELINE,1,110,110,1,0,0,1,,,,,,,,,,,,,,wordfreq,v3.2,3.1.1,42233e6c36ce792031bcccfa17cdd0cec9af5fa7,zipf-linear-v1,false
AFFORDABLE,AFFORDABLE,CASUAL,M8_HEURISTIC_BASELINE,500,92.644,93,0.34,0.612,0.048,0.65,0.5666427034579156,0.9823529411764705,5.488666666666667,6.195333333333333,170,0.5533559643916902,0.58374,journalese,0.01764705882352941,0,0.9823529411764705,1,0.4411764705882353,wordfreq,v3.2,3.1.1,42233e6c36ce792031bcccfa17cdd0cec9af5fa7,zipf-linear-v1,false
AFFORDABLE,AFFORDABLE,REGULAR,M8_HEURISTIC_BASELINE,500,119.59,120,0.946,0.054,0,0.908,0.5700775195113661,0.2854122621564482,21.160666666666668,22.234666666666666,473,0.5693733582887689,0.5436000000000001,obsequious,0.7145877378435518,0,0.2854122621564482,1,0.03171247357293869,wordfreq,v3.2,3.1.1,42233e6c36ce792031bcccfa17cdd0cec9af5fa7,zipf-linear-v1,false
AFFORDABLE,AFFORDABLE,STRONG,M8_HEURISTIC_BASELINE,500,127.434,127,0.996,0.004,0,0.992,0.5946582465569316,0.28714859437751006,50.97533333333333,53.311,498,0.5944828330522718,0.5760000000000001,obsequious,0.7128514056224899,0,0.28714859437751006,1,0.02208835341365462,wordfreq,v3.2,3.1.1,42233e6c36ce792031bcccfa17cdd0cec9af5fa7,zipf-linear-v1,false
AFFORDABLE,AFFORDABLE,EXPERT,M8_HEURISTIC_BASELINE,500,132.03,130,1,0,0,1,0.6148814909638521,0.172,107.50616872290763,109.55251750583528,500,0.6148814909638521,0.5994,obsequious,0.828,0,0.172,1,0.008,wordfreq,v3.2,3.1.1,42233e6c36ce792031bcccfa17cdd0cec9af5fa7,zipf-linear-v1,false
AFFORDABLE,AFFORDABLE,ORACLE,M8_HEURISTIC_BASELINE,1,110,110,1,0,0,1,,,,,,,,,,,,,,wordfreq,v3.2,3.1.1,42233e6c36ce792031bcccfa17cdd0cec9af5fa7,zipf-linear-v1,false
WATERMELON,WATERMELON,CASUAL,M81_FREQUENCY_MODEL,500,69.752,70,0.032,0.5,0.43,0.484,0.17115621097788686,1,0.04766666666666667,1.6236666666666666,16,0.1644618503524959,0.15171532748182243,carouse,0,1,1,1,1,wordfreq,v3.2,3.1.1,42233e6c36ce792031bcccfa17cdd0cec9af5fa7,zipf-linear-v1,false
WATERMELON,WATERMELON,REGULAR,M81_FREQUENCY_MODEL,500,85.084,84,0.108,0.8,0.092,0.26,0.3035663340191709,1,0.22966666666666666,8.280333333333333,54,0.2909099121405104,0.2524005014806449,bonier,0,0.9814814814814815,1,1,1,wordfreq,v3.2,3.1.1,42233e6c36ce792031bcccfa17cdd0cec9af5fa7,zipf-linear-v1,false
WATERMELON,WATERMELON,STRONG,M81_FREQUENCY_MODEL,500,90.644,89,0.216,0.766,0.018,0.1,0.5183383070418082,0.9907407407407407,5.747,28.992,108,0.48591643507196036,0.4866210684126981,zairian,0.009259259259259259,0.09259259259259259,0.9907407407407407,1,0.9537037037037037,wordfreq,v3.2,3.1.1,42233e6c36ce792031bcccfa17cdd0cec9af5fa7,zipf-linear-v1,false
WATERMELON,WATERMELON,EXPERT,M81_FREQUENCY_MODEL,500,101.69,100,0.546,0.454,0,0,0.6262974240297625,0.8168498168498168,47.817,85.68366666666667,273,0.6072593830418588,0.6070521488379135,gaudier,0.18315018315018314,0,0.8168498168498168,1,0.42857142857142855,wordfreq,v3.2,3.1.1,42233e6c36ce792031bcccfa17cdd0cec9af5fa7,zipf-linear-v1,false
WATERMELON,WATERMELON,ORACLE,M81_FREQUENCY_MODEL,1,110,110,1,0,0,1,,,,,,,,,,,,,,wordfreq,v3.2,3.1.1,42233e6c36ce792031bcccfa17cdd0cec9af5fa7,zipf-linear-v1,false
OSCILLATED,OSCILLATED,CASUAL,M81_FREQUENCY_MODEL,500,65.23,66,0.006,0.408,0.538,0.402,0.16354973595441624,1,0.042666666666666665,1.6306666666666667,3,0.1347308245468469,0.10514938171370686,lawyered,0,1,1,1,1,wordfreq,v3.2,3.1.1,42233e6c36ce792031bcccfa17cdd0cec9af5fa7,zipf-linear-v1,false
OSCILLATED,OSCILLATED,REGULAR,M81_FREQUENCY_MODEL,500,80.09,80,0.046,0.798,0.154,0.186,0.2990661681963834,1,0.321,8.231333333333334,23,0.27043632349937347,0.25349052771658204,achoo,0,1,1,1,1,wordfreq,v3.2,3.1.1,42233e6c36ce792031bcccfa17cdd0cec9af5fa7,zipf-linear-v1,false
OSCILLATED,OSCILLATED,STRONG,M81_FREQUENCY_MODEL,500,86.456,87,0.12,0.83,0.05,0.126,0.5243777834075898,1,6.199666666666666,29.558,60,0.47598444532452755,0.49329339634387614,opaline,0,0.5166666666666667,1,1,0.95,wordfreq,v3.2,3.1.1,42233e6c36ce792031bcccfa17cdd0cec9af5fa7,zipf-linear-v1,false
OSCILLATED,OSCILLATED,EXPERT,M81_FREQUENCY_MODEL,500,96.364,95,0.346,0.654,0,0.036,0.644803367612056,0.8323699421965318,49.99766666666667,87.878,173,0.6166058179217285,0.6227631865277482,aerostats,0.1676300578034682,0,0.8323699421965318,1,0.3583815028901734,wordfreq,v3.2,3.1.1,42233e6c36ce792031bcccfa17cdd0cec9af5fa7,zipf-linear-v1,false
OSCILLATED,OSCILLATED,ORACLE,M81_FREQUENCY_MODEL,1,105,105,1,0,0,1,,,,,,,,,,,,,,wordfreq,v3.2,3.1.1,42233e6c36ce792031bcccfa17cdd0cec9af5fa7,zipf-linear-v1,false
ABANDONING,ABANDONING,CASUAL,M81_FREQUENCY_MODEL,500,68.728,69,0.018,0.476,0.466,0.408,0.17236624686899563,1,0.036333333333333336,1.6516666666666666,9,0.1584127569232432,0.14849851879406373,paglia,0,1,1,1,1,wordfreq,v3.2,3.1.1,42233e6c36ce792031bcccfa17cdd0cec9af5fa7,zipf-linear-v1,false
ABANDONING,ABANDONING,REGULAR,M81_FREQUENCY_MODEL,500,83.7,82,0.104,0.764,0.132,0.244,0.30843784017984616,1,0.2853333333333333,8.256,52,0.2921227667893786,0.2556816169426712,cowslip,0,0.9807692307692307,1,1,1,wordfreq,v3.2,3.1.1,42233e6c36ce792031bcccfa17cdd0cec9af5fa7,zipf-linear-v1,false
ABANDONING,ABANDONING,STRONG,M81_FREQUENCY_MODEL,500,92.446,92,0.266,0.714,0.02,0.15,0.5327862883290235,1,6.22107369123041,29.121707235745248,133,0.5019971610581092,0.51,carouse,0,0.11278195488721804,1,1,0.9398496240601504,wordfreq,v3.2,3.1.1,42233e6c36ce792031bcccfa17cdd0cec9af5fa7,zipf-linear-v1,false
ABANDONING,ABANDONING,EXPERT,M81_FREQUENCY_MODEL,500,107.48,107,0.782,0.218,0,0.106,0.6564503378049008,0.6035805626598465,48.90663554518173,87.16072024008002,391,0.6481081733425069,0.6783603051678547,anorthite,0.39641943734015345,0.0025575447570332483,0.6035805626598465,1,0.1867007672634271,wordfreq,v3.2,3.1.1,42233e6c36ce792031bcccfa17cdd0cec9af5fa7,zipf-linear-v1,false
ABANDONING,ABANDONING,ORACLE,M81_FREQUENCY_MODEL,1,110,110,1,0,0,1,,,,,,,,,,,,,,wordfreq,v3.2,3.1.1,42233e6c36ce792031bcccfa17cdd0cec9af5fa7,zipf-linear-v1,false
ABSOLUTELY,ABSOLUTELY,CASUAL,M81_FREQUENCY_MODEL,500,65.558,65,0.022,0.38,0.552,0.332,0.1762440402907938,1,0.037333333333333336,1.656,11,0.16809458509379832,0.13162424955618257,garbed,0,1,1,1,1,wordfreq,v3.2,3.1.1,42233e6c36ce792031bcccfa17cdd0cec9af5fa7,zipf-linear-v1,false
ABSOLUTELY,ABSOLUTELY,REGULAR,M81_FREQUENCY_MODEL,500,79.906,79,0.062,0.758,0.18,0.184,0.2968633490470417,1,0.22833333333333333,8.137333333333334,31,0.2875466151815821,0.2491525789301232,jocose,0,0.967741935483871,1,1,1,wordfreq,v3.2,3.1.1,42233e6c36ce792031bcccfa17cdd0cec9af5fa7,zipf-linear-v1,false
ABSOLUTELY,ABSOLUTELY,STRONG,M81_FREQUENCY_MODEL,500,88.678,87,0.186,0.786,0.028,0.16,0.5108792907282712,1,5.64,29.141666666666666,93,0.4835145213578819,0.49997308848190264,jocose,0,0.17204301075268819,1,1,0.8602150537634409,wordfreq,v3.2,3.1.1,42233e6c36ce792031bcccfa17cdd0cec9af5fa7,zipf-linear-v1,false
ABSOLUTELY,ABSOLUTELY,EXPERT,M81_FREQUENCY_MODEL,500,99.678,97,0.448,0.55,0.002,0.094,0.6238214115688404,0.8303571428571429,46.36566666666667,87.28266666666667,224,0.6020190439098402,0.5893979751022373,jocose,0.16964285714285715,0.017857142857142856,0.8303571428571429,1,0.5133928571428571,wordfreq,v3.2,3.1.1,42233e6c36ce792031bcccfa17cdd0cec9af5fa7,zipf-linear-v1,false
ABSOLUTELY,ABSOLUTELY,ORACLE,M81_FREQUENCY_MODEL,1,105,105,1,0,0,1,,,,,,,,,,,,,,wordfreq,v3.2,3.1.1,42233e6c36ce792031bcccfa17cdd0cec9af5fa7,zipf-linear-v1,false
ACCESSIBLE,ACCESSIBLE,CASUAL,M81_FREQUENCY_MODEL,500,70.284,71,0.024,0.526,0.4,0.522,0.1797767387284937,1,0.041666666666666664,1.6706666666666667,12,0.1790160681765295,0.1465983988130556,yaupon,0,1,1,1,1,wordfreq,v3.2,3.1.1,42233e6c36ce792031bcccfa17cdd0cec9af5fa7,zipf-linear-v1,false
ACCESSIBLE,ACCESSIBLE,REGULAR,M81_FREQUENCY_MODEL,500,84.096,83,0.11,0.78,0.11,0.272,0.3091248774325718,1,0.28,8.378333333333334,55,0.2916091664544473,0.2914732577299559,obloquy,0,0.9454545454545454,1,1,1,wordfreq,v3.2,3.1.1,42233e6c36ce792031bcccfa17cdd0cec9af5fa7,zipf-linear-v1,false
ACCESSIBLE,ACCESSIBLE,STRONG,M81_FREQUENCY_MODEL,500,90.676,90,0.242,0.74,0.018,0.152,0.5129003619831399,1,5.684,29.231,121,0.4841545863395409,0.4882882996329176,kelter,0,0.1487603305785124,1,1,0.9421487603305785,wordfreq,v3.2,3.1.1,42233e6c36ce792031bcccfa17cdd0cec9af5fa7,zipf-linear-v1,false
ACCESSIBLE,ACCESSIBLE,EXPERT,M81_FREQUENCY_MODEL,500,100.636,100,0.514,0.484,0.002,0.06,0.6175613901530548,0.8443579766536965,46.56166666666667,87.59233333333333,257,0.5942683621563254,0.6140579617856899,johnie,0.1556420233463035,0,0.8443579766536965,1,0.47470817120622566,wordfreq,v3.2,3.1.1,42233e6c36ce792031bcccfa17cdd0cec9af5fa7,zipf-linear-v1,false
ACCESSIBLE,ACCESSIBLE,ORACLE,M81_FREQUENCY_MODEL,1,110,110,1,0,0,1,,,,,,,,,,,,,,wordfreq,v3.2,3.1.1,42233e6c36ce792031bcccfa17cdd0cec9af5fa7,zipf-linear-v1,false
ACCOUNTING,ACCOUNTING,CASUAL,M81_FREQUENCY_MODEL,500,63.434,64,0.01,0.34,0.584,0.33,0.15943276281331145,1,0.032,1.601,5,0.14570253257457005,0.13449772627649578,angelita,0,1,1,1,1,wordfreq,v3.2,3.1.1,42233e6c36ce792031bcccfa17cdd0cec9af5fa7,zipf-linear-v1,false
ACCOUNTING,ACCOUNTING,REGULAR,M81_FREQUENCY_MODEL,500,80.83,80,0.048,0.816,0.136,0.224,0.2894558286147812,1,0.21266666666666667,8.153333333333334,24,0.25142691674382917,0.22537030006039666,fondues,0,1,1,1,1,wordfreq,v3.2,3.1.1,42233e6c36ce792031bcccfa17cdd0cec9af5fa7,zipf-linear-v1,false
ACCOUNTING,ACCOUNTING,STRONG,M81_FREQUENCY_MODEL,500,87.768,87,0.124,0.85,0.026,0.156,0.507616433700437,1,5.1226666666666665,28.862,62,0.4616285551842392,0.4733101971167444,sodomizes,0,0.5,1,1,0.9838709677419355,wordfreq,v3.2,3.1.1,42233e6c36ce792031bcccfa17cdd0cec9af5fa7,zipf-linear-v1,false
ACCOUNTING,ACCOUNTING,EXPERT,M81_FREQUENCY_MODEL,500,97.958,97,0.414,0.586,0,0.09,0.6364395778764386,0.8019323671497585,46.52166666666667,84.70633333333333,207,0.609099976655155,0.6382686113033089,litigates,0.19806763285024154,0.00966183574879227,0.8019323671497585,1,0.3188405797101449,wordfreq,v3.2,3.1.1,42233e6c36ce792031bcccfa17cdd0cec9af5fa7,zipf-linear-v1,false
ACCOUNTING,ACCOUNTING,ORACLE,M81_FREQUENCY_MODEL,1,105,105,1,0,0,1,,,,,,,,,,,,,,wordfreq,v3.2,3.1.1,42233e6c36ce792031bcccfa17cdd0cec9af5fa7,zipf-linear-v1,false
ADVENTURES,ADVENTURES,CASUAL,M81_FREQUENCY_MODEL,500,68.084,69,0.02,0.44,0.49,0.476,0.18222716731038735,1,0.065,1.667,10,0.16572705120205414,0.13922062268667307,gasohol,0,1,1,1,1,wordfreq,v3.2,3.1.1,42233e6c36ce792031bcccfa17cdd0cec9af5fa7,zipf-linear-v1,false
ADVENTURES,ADVENTURES,REGULAR,M81_FREQUENCY_MODEL,500,82.252,81,0.076,0.794,0.13,0.294,0.3128339363532222,1,0.2816666666666667,8.303,38,0.2940943629503172,0.2714262019871753,deciliter,0,1,1,1,1,wordfreq,v3.2,3.1.1,42233e6c36ce792031bcccfa17cdd0cec9af5fa7,zipf-linear-v1,false
ADVENTURES,ADVENTURES,STRONG,M81_FREQUENCY_MODEL,500,86.828,85,0.15,0.824,0.026,0.154,0.5230293922372877,1,5.642,29.154333333333334,75,0.484531018580413,0.5066572043461646,avuncular,0,0.14666666666666667,1,1,0.8933333333333333,wordfreq,v3.2,3.1.1,42233e6c36ce792031bcccfa17cdd0cec9af5fa7,zipf-linear-v1,false
ADVENTURES,ADVENTURES,EXPERT,M81_FREQUENCY_MODEL,500,96.594,95,0.354,0.646,0,0.058,0.6302826593843134,0.8926553672316384,48.826275425141716,86.67222407469157,177,0.5995927013513084,0.6140579617856899,gasohol,0.10734463276836158,0.01694915254237288,0.8926553672316384,1,0.519774011299435,wordfreq,v3.2,3.1.1,42233e6c36ce792031bcccfa17cdd0cec9af5fa7,zipf-linear-v1,false
ADVENTURES,ADVENTURES,ORACLE,M81_FREQUENCY_MODEL,1,110,110,1,0,0,1,,,,,,,,,,,,,,wordfreq,v3.2,3.1.1,42233e6c36ce792031bcccfa17cdd0cec9af5fa7,zipf-linear-v1,false
AGGRAVATED,AGGRAVATED,CASUAL,M81_FREQUENCY_MODEL,500,66.254,68,0.016,0.446,0.476,0.352,0.1692471567100638,1,0.023666666666666666,1.646,8,0.16408540182621253,0.14409968192282405,enlistee,0,1,1,1,1,wordfreq,v3.2,3.1.1,42233e6c36ce792031bcccfa17cdd0cec9af5fa7,zipf-linear-v1,false
AGGRAVATED,AGGRAVATED,REGULAR,M81_FREQUENCY_MODEL,500,82.934,82,0.086,0.822,0.092,0.23,0.2936832794417941,1,0.186,8.136333333333333,43,0.26835339402397607,0.25131416349247254,penurious,0,0.9534883720930233,1,1,1,wordfreq,v3.2,3.1.1,42233e6c36ce792031bcccfa17cdd0cec9af5fa7,zipf-linear-v1,false
AGGRAVATED,AGGRAVATED,STRONG,M81_FREQUENCY_MODEL,500,90.264,89,0.206,0.778,0.016,0.134,0.5196323063463756,1,5.820333333333333,28.928,103,0.4877563265478435,0.4799590321977648,anacin,0,0.11650485436893204,1,1,0.970873786407767,wordfreq,v3.2,3.1.1,42233e6c36ce792031bcccfa17cdd0cec9af5fa7,zipf-linear-v1,false
AGGRAVATED,AGGRAVATED,EXPERT,M81_FREQUENCY_MODEL,500,104.488,103,0.65,0.35,0,0.1,0.6498512307929614,0.6676923076923077,48.660666666666664,85.92166666666667,325,0.6362435192713317,0.6382686113033089,aggrieve,0.3323076923076923,0.003076923076923077,0.6676923076923077,1,0.2553846153846154,wordfreq,v3.2,3.1.1,42233e6c36ce792031bcccfa17cdd0cec9af5fa7,zipf-linear-v1,false
AGGRAVATED,AGGRAVATED,ORACLE,M81_FREQUENCY_MODEL,1,110,110,1,0,0,1,,,,,,,,,,,,,,wordfreq,v3.2,3.1.1,42233e6c36ce792031bcccfa17cdd0cec9af5fa7,zipf-linear-v1,false
AFTERTASTE,AFTERTASTE,CASUAL,M81_FREQUENCY_MODEL,500,66.268,67,0.012,0.412,0.52,0.372,0.16295480067834345,1,0.021666666666666667,1.6386666666666667,6,0.15817619168338176,0.1288103419704728,achoo,0,1,1,1,1,wordfreq,v3.2,3.1.1,42233e6c36ce792031bcccfa17cdd0cec9af5fa7,zipf-linear-v1,false
AFTERTASTE,AFTERTASTE,REGULAR,M81_FREQUENCY_MODEL,500,81.788,82,0.046,0.856,0.098,0.23,0.2902957354884739,1,0.13833333333333334,8.147,23,0.25753724562314156,0.23649606832137107,debarment,0,1,1,1,1,wordfreq,v3.2,3.1.1,42233e6c36ce792031bcccfa17cdd0cec9af5fa7,zipf-linear-v1,false
AFTERTASTE,AFTERTASTE,STRONG,M81_FREQUENCY_MODEL,500,87.418,87,0.122,0.844,0.034,0.128,0.512171483918923,1,5.904333333333334,28.965666666666667,61,0.469434590031557,0.48495448051312573,equable,0,0.26229508196721313,1,1,0.9672131147540983,wordfreq,v3.2,3.1.1,42233e6c36ce792031bcccfa17cdd0cec9af5fa7,zipf-linear-v1,false
AFTERTASTE,AFTERTASTE,EXPERT,M81_FREQUENCY_MODEL,500,100.406,100,0.508,0.492,0,0.064,0.6218003865261511,0.889763779527559,48.75,87.50866666666667,254,0.5947895919265574,0.6158037968166964,anaerobe,0.11023622047244094,0,0.889763779527559,1,0.594488188976378,wordfreq,v3.2,3.1.1,42233e6c36ce792031bcccfa17cdd0cec9af5fa7,zipf-linear-v1,false
AFTERTASTE,AFTERTASTE,ORACLE,M81_FREQUENCY_MODEL,1,110,110,1,0,0,1,,,,,,,,,,,,,,wordfreq,v3.2,3.1.1,42233e6c36ce792031bcccfa17cdd0cec9af5fa7,zipf-linear-v1,false
AFFORDABLE,AFFORDABLE,CASUAL,M81_FREQUENCY_MODEL,500,73.48,75,0.068,0.556,0.336,0.538,0.17716284127277537,1,0.04466666666666667,1.659,34,0.18163580450946354,0.1645141732973075,woolens,0,1,1,1,1,wordfreq,v3.2,3.1.1,42233e6c36ce792031bcccfa17cdd0cec9af5fa7,zipf-linear-v1,false
AFFORDABLE,AFFORDABLE,REGULAR,M81_FREQUENCY_MODEL,500,86.404,85,0.162,0.748,0.09,0.27,0.30643956752419416,1,0.24,8.376666666666667,81,0.29282927236663675,0.2783878011244493,opaline,0,0.9382716049382716,1,1,1,wordfreq,v3.2,3.1.1,42233e6c36ce792031bcccfa17cdd0cec9af5fa7,zipf-linear-v1,false
AFFORDABLE,AFFORDABLE,STRONG,M81_FREQUENCY_MODEL,500,93.97,93,0.318,0.672,0.01,0.138,0.5099208549993954,0.9937106918238994,5.4463333333333335,29.002333333333333,159,0.48868349296049957,0.49997308848190264,overate,0.006289308176100629,0.16981132075471697,0.9937106918238994,1,0.8930817610062893,wordfreq,v3.2,3.1.1,42233e6c36ce792031bcccfa17cdd0cec9af5fa7,zipf-linear-v1,false
AFFORDABLE,AFFORDABLE,EXPERT,M81_FREQUENCY_MODEL,500,103.4,102,0.672,0.328,0,0.048,0.6304876324483993,0.7440476190476191,46.419,85.501,336,0.6178293417964471,0.6348425007052776,coyer,0.25595238095238093,0.005952380952380952,0.7440476190476191,1,0.3392857142857143,wordfreq,v3.2,3.1.1,42233e6c36ce792031bcccfa17cdd0cec9af5fa7,zipf-linear-v1,false
AFFORDABLE,AFFORDABLE,ORACLE,M81_FREQUENCY_MODEL,1,110,110,1,0,0,1,,,,,,,,,,,,,,wordfreq,v3.2,3.1.1,42233e6c36ce792031bcccfa17cdd0cec9af5fa7,zipf-linear-v1,false
