puzzle_id,model,gold_rate_range,gold_rate_sd,median_score_range,mean_score_range,hexalink_rate_range,answer,grid_hash,puzzle_source,replicate,runs,mean_score,median_score,score_sd,p10,p25,p75,p90,gold_rate,silver_rate,bronze_rate,no_medal_rate,hexalink_rate,mean_hexalink_turn,mean_known_moves,mean_noticed_moves,mean_played_familiarity,rare_word_dependency,mean_turns_used,completion_rate,simulator_version,player_model_version,familiarity_provider_version,source_version,normalization_version,familiarity_source,fallback_used
WATERMELON,REGULAR,,,,,,WATERMELON,WTRMTT/KTBLYF/MLNHCW/ZDDSSR/PRQGNH/XNSVCB/DNPFLY/GLVJSR,M7A3_EXISTING_M6_GRID,AGGREGATE,1500,84.63266666666665,83.66666666666667,11.71437424812296,70,77,92,100,0.11466666666666665,0.8113333333333334,0.074,0,0.254,2.8970588235294117,0.21669200844726022,8.208907821125562,0.3001954950804913,1,6,1,m8.1,m8.1.players.0,wordfreq,v3.2,zipf-linear-v1,wordfreq,false
WATERMELON,STRONG,,,,,,WATERMELON,WTRMTT/KTBLYF/MLNHCW/ZDDSSR/PRQGNH/XNSVCB/DNPFLY/GLVJSR,M7A3_EXISTING_M6_GRID,AGGREGATE,1500,90.984,89.33333333333333,12.07327694240705,77,82,99,107,0.22266666666666668,0.7606666666666667,0.016666666666666666,0,0.11933333333333333,3.0483870967741935,5.810888888888889,29.01477777777778,0.5172618086026729,0.9970760233918128,6,1,m8.1,m8.1.players.0,wordfreq,v3.2,zipf-linear-v1,wordfreq,false
OSCILLATED,REGULAR,,,,,,OSCILLATED,YDPGSC/SMTLLT/PDWRWT/DLRYSB/RNQNVX/RVCTSF/MHZJHN/LKNFBG,M7A3_EXISTING_M6_GRID,AGGREGATE,1500,80.45133333333332,80.33333333333333,10.932741264635789,66,73,87,95,0.04666666666666667,0.7986666666666666,0.15466666666666665,0,0.23066666666666666,2.918032786885246,0.32888888888888884,8.346444444444444,0.30259908321343754,1,6,1,m8.1,m8.1.players.0,wordfreq,v3.2,zipf-linear-v1,wordfreq,false
OSCILLATED,STRONG,,,,,,OSCILLATED,YDPGSC/SMTLLT/PDWRWT/DLRYSB/RNQNVX/RVCTSF/MHZJHN/LKNFBG,M7A3_EXISTING_M6_GRID,AGGREGATE,1500,86.11399999999999,85,10.162307372019143,73,79,93,100,0.10066666666666668,0.8633333333333333,0.036,0,0.12133333333333333,2.75,6.1482222222222225,29.470555555555553,0.5256345329750965,1,6,1,m8.1,m8.1.players.0,wordfreq,v3.2,zipf-linear-v1,wordfreq,false
ABANDONING,REGULAR,,,,,,ABANDONING,LYDQBR/DMTHTN/RVTSND/JCNRGN/SMCVHS/WWKBPY/LFSPGL/RTFLXZ,M7A3_EXISTING_M6_GRID,AGGREGATE,1500,85.28066666666666,84.33333333333333,13.025886496188242,69,76,92,104,0.1386666666666667,0.754,0.10733333333333332,0,0.24933333333333332,2.83739837398374,0.2897777777777778,8.198444444444446,0.30904796220350755,1,6,1,m8.1,m8.1.players.0,wordfreq,v3.2,zipf-linear-v1,wordfreq,false
ABANDONING,STRONG,,,,,,ABANDONING,LYDQBR/DMTHTN/RVTSND/JCNRGN/SMCVHS/WWKBPY/LFSPGL/RTFLXZ,M7A3_EXISTING_M6_GRID,AGGREGATE,1500,93.532,92,12.23700168183199,79,84,102,110,0.3133333333333333,0.6786666666666666,0.008,0,0.17600000000000002,3.32183908045977,6.210333333333334,29.14522222222222,0.5262946847490161,0.9936104599677033,6,1,m8.1,m8.1.players.0,wordfreq,v3.2,zipf-linear-v1,wordfreq,false
ABSOLUTELY,REGULAR,,,,,,ABSOLUTELY,NNDWRY/DMTMFV/KBPFCT/GSRTJC/RSLLYS/HBGZWT/DVLHPQ/SLRNNX,M7A3_EXISTING_M6_GRID,AGGREGATE,1500,81.15066666666667,80.33333333333333,11.497369374672575,68,74,87,97,0.06666666666666667,0.7959999999999999,0.13733333333333334,0,0.23199999999999998,2.5046728971962615,0.23700000000000002,8.115666666666668,0.29992388327973246,1,6,1,m8.1,m8.1.players.0,wordfreq,v3.2,zipf-linear-v1,wordfreq,false
ABSOLUTELY,STRONG,,,,,,ABSOLUTELY,NNDWRY/DMTMFV/KBPFCT/GSRTJC/RSLLYS/HBGZWT/DVLHPQ/SLRNNX,M7A3_EXISTING_M6_GRID,AGGREGATE,1500,89.37,87.33333333333333,12.68069393827136,75,80,97,107,0.19266666666666668,0.7793333333333333,0.027999999999999997,0,0.158,2.978021978021978,5.667000000000001,29.09577777777778,0.5099084617480995,0.9825979089136984,6,1,m8.1,m8.1.players.0,wordfreq,v3.2,zipf-linear-v1,wordfreq,false
ACCESSIBLE,REGULAR,,,,,,ACCESSIBLE,DGRDLT/LBJNTV/DFHPXF/WGWYSM/MNZQLB/VTTRHS/RLNYRS/KNSPCC,M7A3_EXISTING_M6_GRID,AGGREGATE,1500,83.51533333333333,82.33333333333333,12.553834549004682,68,73,91,100,0.11,0.782,0.10733333333333334,0.0006666666666666666,0.272,3.4015151515151514,0.2677777777777777,8.318777777777777,0.31037367470976956,1,6,1,m8.1,m8.1.players.0,wordfreq,v3.2,zipf-linear-v1,wordfreq,false
ACCESSIBLE,STRONG,,,,,,ACCESSIBLE,DGRDLT/LBJNTV/DFHPXF/WGWYSM/MNZQLB/VTTRHS/RLNYRS/KNSPCC,M7A3_EXISTING_M6_GRID,AGGREGATE,1500,90.57666666666667,89.33333333333333,12.11082060998263,76,82,98,105,0.22466666666666665,0.7479999999999999,0.02733333333333333,0,0.16466666666666666,3.5934065934065935,5.779222222222223,29.361555555555555,0.5152468749538293,0.9966329966329966,6,1,m8.1,m8.1.players.0,wordfreq,v3.2,zipf-linear-v1,wordfreq,false
ACCOUNTING,REGULAR,,,,,,ACCOUNTING,RTBWLP/RNPLHX/VFJBMW/DSTYZD/FQDGSS/HNKNLT/RLSNTG/RCCYVM,M7A3_EXISTING_M6_GRID,AGGREGATE,1500,80.72800000000001,80.33333333333333,10.519227425998722,67,73,88,94,0.03466666666666667,0.834,0.13133333333333333,0,0.19999999999999998,2.510204081632653,0.23455555555555554,8.143888888888888,0.2898273266389664,1,6,1,m8.1,m8.1.players.0,wordfreq,v3.2,zipf-linear-v1,wordfreq,false
ACCOUNTING,STRONG,,,,,,ACCOUNTING,RTBWLP/RNPLHX/VFJBMW/DSTYZD/FQDGSS/HNKNLT/RLSNTG/RCCYVM,M7A3_EXISTING_M6_GRID,AGGREGATE,1500,87.97266666666667,87,9.927753447168111,76,82,95,101,0.12933333333333333,0.842,0.028666666666666663,0,0.15666666666666665,2.3780487804878048,5.176888888888889,29.00922222222222,0.5048216857060001,1,6,1,m8.1,m8.1.players.0,wordfreq,v3.2,zipf-linear-v1,wordfreq,false
ADVENTURES,REGULAR,,,,,,ADVENTURES,MDFGSS/VBBYGH/NWRNZL/TRSMVW/SCDLYN/TLXPCQ/TTFHLR/DRNKJP,M7A3_EXISTING_M6_GRID,AGGREGATE,1500,80.94533333333334,80.33333333333333,11.780504035121254,65,73,89,95,0.06666666666666667,0.7826666666666666,0.15,0.0006666666666666666,0.24733333333333332,2.8053097345132745,0.269,8.264444444444443,0.3056349180303204,1,6,1,m8.1,m8.1.players.0,wordfreq,v3.2,zipf-linear-v1,wordfreq,false
ADVENTURES,STRONG,,,,,,ADVENTURES,MDFGSS/VBBYGH/NWRNZL/TRSMVW/SCDLYN/TLXPCQ/TTFHLR/DRNKJP,M7A3_EXISTING_M6_GRID,AGGREGATE,1500,86.48533333333334,85,10.920257855760147,73,78,92,102,0.132,0.8393333333333333,0.028666666666666663,0,0.15733333333333333,3.219178082191781,5.550777777777777,29.066777777777776,0.5213294691037172,0.9846802239905689,6,1,m8.1,m8.1.players.0,wordfreq,v3.2,zipf-linear-v1,wordfreq,false
AGGRAVATED,REGULAR,,,,,,AGGRAVATED,HBZQSC/LVKNTR/CWPXYJ/NNSSBF/HRLSLP/WGVTDY/GRMTRL/TDDNMF,M7A3_EXISTING_M6_GRID,AGGREGATE,1500,82.41466666666666,81.66666666666667,11.230975842953832,68,75,88,95,0.07733333333333334,0.8066666666666666,0.11599999999999999,0,0.214,2.5,0.19777777777777775,8.124666666666668,0.2990335705462834,1,6,1,m8.1,m8.1.players.0,wordfreq,v3.2,zipf-linear-v1,wordfreq,false
AGGRAVATED,STRONG,,,,,,AGGRAVATED,HBZQSC/LVKNTR/CWPXYJ/NNSSBF/HRLSLP/WGVTDY/GRMTRL/TDDNMF,M7A3_EXISTING_M6_GRID,AGGREGATE,1500,90.59733333333334,89,11.714248160629651,78,82,97,105,0.21666666666666665,0.7653333333333334,0.018,0,0.14800000000000002,2.68,5.796444444444444,29.18744444444444,0.5171475802055111,0.9971751412429378,6,1,m8.1,m8.1.players.0,wordfreq,v3.2,zipf-linear-v1,wordfreq,false
AFTERTASTE,REGULAR,,,,,,AFTERTASTE,XGSSKV/WNLWFS/LBRVTY/DHQSCR/MPTPYT/GTJDFH/NMBNLC/DZRNLR,M7A3_EXISTING_M6_GRID,AGGREGATE,1500,80.91199999999999,80,10.780627103495966,68,75,87,95,0.050666666666666665,0.8119999999999999,0.13733333333333334,0,0.22066666666666665,2.6226415094339623,0.12766666666666668,8.126555555555555,0.2912689599289076,1,6,1,m8.1,m8.1.players.0,wordfreq,v3.2,zipf-linear-v1,wordfreq,false
AFTERTASTE,STRONG,,,,,,AFTERTASTE,XGSSKV/WNLWFS/LBRVTY/DHQSCR/MPTPYT/GTJDFH/NMBNLC/DZRNLR,M7A3_EXISTING_M6_GRID,AGGREGATE,1500,87.99733333333332,87,10.275406064792717,76,81,95,100,0.12933333333333333,0.8433333333333333,0.027333333333333334,0,0.166,3.0259740259740258,5.870888888888889,28.94711111111111,0.5084951216035495,1,6,1,m8.1,m8.1.players.0,wordfreq,v3.2,zipf-linear-v1,wordfreq,false
AFFORDABLE,REGULAR,,,,,,AFFORDABLE,ZWMCLB/DKNSRD/TTTMFX/PNRCYF/GVHRDT/SRVLWL/NJNPQB/YGLSHS,M7A3_EXISTING_M6_GRID,AGGREGATE,1500,87.27333333333335,86.33333333333333,12.479272586918233,72,80,95,105,0.18000000000000002,0.7546666666666667,0.06533333333333334,0,0.2806666666666667,3.437956204379562,0.24633333333333338,8.340000000000002,0.30582871825945196,1,6,1,m8.1,m8.1.players.0,wordfreq,v3.2,zipf-linear-v1,wordfreq,false
AFFORDABLE,STRONG,,,,,,AFFORDABLE,ZWMCLB/DKNSRD/TTTMFX/PNRCYF/GVHRDT/SRVLWL/NJNPQB/YGLSHS,M7A3_EXISTING_M6_GRID,AGGREGATE,1500,93.82266666666665,92,12.032999430659592,80,85,100,110,0.29600000000000004,0.6986666666666667,0.005333333333333333,0,0.1486666666666667,3.1639344262295084,5.464666666666666,28.95888888888889,0.5109606654884239,0.9862901937610129,6,1,m8.1,m8.1.players.0,wordfreq,v3.2,zipf-linear-v1,wordfreq,false
ABATEMENTS,REGULAR,,,,,,ABATEMENTS,KLXCLB/WNSDJG/HQTRFR/SRVNPF/TTMTDW/BNYSMV/LZYHCL/RDGSPN,M6_GENERATED_CERTIFIED_GRID,AGGREGATE,1500,84.84866666666666,84,11.222382183546102,73,78,90,98,0.09133333333333334,0.844,0.06466666666666666,0,0.18000000000000002,2.202247191011236,0.2828888888888889,8.00088888888889,0.2892642559007284,1,6,1,m8.1,m8.1.players.0,wordfreq,v3.2,zipf-linear-v1,wordfreq,false
ABATEMENTS,STRONG,,,,,,ABATEMENTS,KLXCLB/WNSDJG/HQTRFR/SRVNPF/TTMTDW/BNYSMV/LZYHCL/RDGSPN,M6_GENERATED_CERTIFIED_GRID,AGGREGATE,1500,94.07333333333334,92.33333333333333,11.934406299200324,81,87,100,112,0.28533333333333327,0.7093333333333334,0.005333333333333333,0,0.13466666666666668,2.6056338028169015,5.120231743914638,28.60662980252677,0.49962886268837964,0.9976525821596244,6,1,m8.1,m8.1.players.0,wordfreq,v3.2,zipf-linear-v1,wordfreq,false
ABDICATING,REGULAR,,,,,,ABDICATING,QFJYKR/WVWFZL/XTDTCT/NRSNND/MGHGBB/HSCLRS/SRTNYD/VLPMPL,M6_GENERATED_CERTIFIED_GRID,AGGREGATE,1500,88.07599999999998,87.33333333333333,12.975003975643226,72,80,99,106,0.20066666666666666,0.7366666666666667,0.06266666666666666,0,0.24533333333333332,2.9133858267716537,0.2693333333333333,8.249666666666668,0.29714204922174714,1,6,1,m8.1,m8.1.players.0,wordfreq,v3.2,zipf-linear-v1,wordfreq,false
ABDICATING,STRONG,,,,,,ABDICATING,QFJYKR/WVWFZL/XTDTCT/NRSNND/MGHGBB/HSCLRS/SRTNYD/VLPMPL,M6_GENERATED_CERTIFIED_GRID,AGGREGATE,1500,98.00200000000001,97,12.71956686261447,82,89,107,115,0.422,0.574,0.004,0,0.13933333333333334,3.232876712328767,5.607333333333334,29.014555555555557,0.5048644380592379,0.9954094018980357,6,1,m8.1,m8.1.players.0,wordfreq,v3.2,zipf-linear-v1,wordfreq,false
ABDUCTIONS,REGULAR,,,,,,ABDUCTIONS,MRLBLC/TNJYYZ/HRNKMF/SSNXLP/GSFTWN/LTHPCD/GRDSBR/WDTVVQ,M6_GENERATED_CERTIFIED_GRID,AGGREGATE,1500,83.19000000000001,82.33333333333333,12.252107747661405,68,75,90,97,0.09200000000000001,0.8006666666666667,0.10733333333333334,0,0.21866666666666668,2.7766990291262137,0.20122222222222222,8.07611111111111,0.2906190672060849,1,6,1,m8.1,m8.1.players.0,wordfreq,v3.2,zipf-linear-v1,wordfreq,false
ABDUCTIONS,STRONG,,,,,,ABDUCTIONS,MRLBLC/TNJYYZ/HRNKMF/SSNXLP/GSFTWN/LTHPCD/GRDSBR/WDTVVQ,M6_GENERATED_CERTIFIED_GRID,AGGREGATE,1500,91.38466666666666,89.66666666666667,13.160534656823613,76,82,99,110,0.254,0.718,0.027999999999999997,0,0.15066666666666664,3.2133333333333334,5.084113630469415,28.746295061316733,0.5052795832799611,0.9974747474747474,6,1,m8.1,m8.1.players.0,wordfreq,v3.2,zipf-linear-v1,wordfreq,false
ABHORRENCE,REGULAR,,,,,,ABHORRENCE,YDNDPG/CSRLTG/PXLSZF/TWVSQH/VLMSBW/TDTKBL/FRYCRH/NNMJNR,M6_GENERATED_CERTIFIED_GRID,AGGREGATE,1500,83.49133333333333,82.33333333333333,12.167006673034907,70,75,92,100,0.11,0.7773333333333333,0.11266666666666668,0,0.2853333333333333,3.1724137931034484,0.1857777777777778,8.31488888888889,0.2916533264680914,1,6,1,m8.1,m8.1.players.0,wordfreq,v3.2,zipf-linear-v1,wordfreq,false
ABHORRENCE,STRONG,,,,,,ABHORRENCE,YDNDPG/CSRLTG/PXLSZF/TWVSQH/VLMSBW/TDTKBL/FRYCRH/NNMJNR,M6_GENERATED_CERTIFIED_GRID,AGGREGATE,1500,89.33733333333333,88,11.695741818479926,75,80,95,105,0.19400000000000003,0.7806666666666667,0.025333333333333333,0,0.136,3.389830508474576,4.995777777777778,29.100444444444445,0.5016396442127321,1,6,1,m8.1,m8.1.players.0,wordfreq,v3.2,zipf-linear-v1,wordfreq,false
ABOLISHING,REGULAR,,,,,,ABOLISHING,NYPVLS/MSYNBH/QFRWTN/RCBRDG/TVTSGT/DNLHRP/FLDXKS/ZJCLWM,M6_GENERATED_CERTIFIED_GRID,AGGREGATE,1500,84.88933333333334,84,13.071493563374199,70,76,92,102,0.126,0.782,0.09133333333333334,0.0006666666666666666,0.268,3.357142857142857,0.22999999999999998,8.408222222222221,0.2962425944506803,1,6,1,m8.1,m8.1.players.0,wordfreq,v3.2,zipf-linear-v1,wordfreq,false
ABOLISHING,STRONG,,,,,,ABOLISHING,NYPVLS/MSYNBH/QFRWTN/RCBRDG/TVTSGT/DNLHRP/FLDXKS/ZJCLWM,M6_GENERATED_CERTIFIED_GRID,AGGREGATE,1500,92.05866666666667,90.66666666666667,12.698221867675455,77,83,99,107,0.25133333333333335,0.7326666666666667,0.016,0,0.13733333333333334,3.8548387096774195,5.193023600459412,29.640190952539736,0.5071529308952318,1,6,1,m8.1,m8.1.players.0,wordfreq,v3.2,zipf-linear-v1,wordfreq,false
ABROGATING,REGULAR,,,,,,ABROGATING,RTGNSN/NMNRCS/GKVLBJ/PFVQBL/MHDYSF/DTTHCL/DSXWTL/ZPRRWY,M6_GENERATED_CERTIFIED_GRID,AGGREGATE,1500,81.622,80.66666666666667,11.953197936837194,67,74,89,97,0.07400000000000001,0.7886666666666667,0.13733333333333334,0,0.22133333333333335,2.8869565217391306,0.5146666666666667,8.637555555555556,0.331044418608555,1,6,1,m8.1,m8.1.players.0,wordfreq,v3.2,zipf-linear-v1,wordfreq,false
ABROGATING,STRONG,,,,,,ABROGATING,RTGNSN/NMNRCS/GKVLBJ/PFVQBL/MHDYSF/DTTHCL/DSXWTL/ZPRRWY,M6_GENERATED_CERTIFIED_GRID,AGGREGATE,1500,88.66466666666668,87.33333333333333,11.538525579547974,76,81,95,105,0.17666666666666667,0.7986666666666666,0.02466666666666667,0,0.14733333333333334,3.075,8.011000000000001,30.185888888888886,0.548710169885407,0.9964539007092199,6,1,m8.1,m8.1.players.0,wordfreq,v3.2,zipf-linear-v1,wordfreq,false
ABSOLUTISM,REGULAR,,,,,,ABSOLUTISM,BVNPTC/STBSKY/RLSGNN/LMDTYR/FRXNTW/HDCWZF/RJPMLD/QHGLVS,M6_GENERATED_CERTIFIED_GRID,AGGREGATE,1500,80.68266666666666,80,10.977579245572343,68,73,88,95,0.04866666666666667,0.8146666666666667,0.1366666666666667,0,0.21933333333333335,2.6422018348623855,0.26699999999999996,8.282,0.3001996861179858,1,6,1,m8.1,m8.1.players.0,wordfreq,v3.2,zipf-linear-v1,wordfreq,false
ABSOLUTISM,STRONG,,,,,,ABSOLUTISM,BVNPTC/STBSKY/RLSGNN/LMDTYR/FRXNTW/HDCWZF/RJPMLD/QHGLVS,M6_GENERATED_CERTIFIED_GRID,AGGREGATE,1500,86.94333333333334,86.66666666666667,10.670421685765684,73,79,94,102,0.12,0.8433333333333333,0.03666666666666667,0,0.128,2.4754098360655736,5.573,29.46511111111111,0.5271636108909671,1,6,1,m8.1,m8.1.players.0,wordfreq,v3.2,zipf-linear-v1,wordfreq,false
ABSOLUTIST,REGULAR,,,,,,ABSOLUTIST,RYHHZW/LBNSWT/DTTQNG/LSRCMD/SBRTYS/XNPJMD/CVLFNL/FKPRGV,M6_GENERATED_CERTIFIED_GRID,AGGREGATE,1500,83.692,82.66666666666667,10.802427677079415,72,77,90,97,0.082,0.8433333333333333,0.07466666666666666,0,0.16733333333333333,2.3333333333333335,0.3089233077692564,8.026233188840726,0.2974370746290522,1,6,1,m8.1,m8.1.players.0,wordfreq,v3.2,zipf-linear-v1,wordfreq,false
ABSOLUTIST,STRONG,,,,,,ABSOLUTIST,RYHHZW/LBNSWT/DTTQNG/LSRCMD/SBRTYS/XNPJMD/CVLFNL/FKPRGV,M6_GENERATED_CERTIFIED_GRID,AGGREGATE,1500,92.96199999999999,92.33333333333333,10.786244416092181,80,85,100,107,0.26533333333333337,0.7253333333333334,0.009333333333333332,0,0.16266666666666665,2.329113924050633,5.480222222222221,28.554222222222222,0.5046895107161561,0.9948717948717949,6,1,m8.1,m8.1.players.0,wordfreq,v3.2,zipf-linear-v1,wordfreq,false
ABSORPTION,REGULAR,,,,,,ABSORPTION,PNNFYB/SLCQJL/TYVWZN/MDLSWR/STTVDT/GFDKNP/HCRRRX/LMHBSG,M6_GENERATED_CERTIFIED_GRID,AGGREGATE,1500,82.08333333333333,81.33333333333333,12.181943305209783,67,75,91,98,0.076,0.7833333333333333,0.1406666666666667,0,0.27666666666666667,3.1156462585034013,0.306,8.302777777777777,0.30398313258613874,1,6,1,m8.1,m8.1.players.0,wordfreq,v3.2,zipf-linear-v1,wordfreq,false
ABSORPTION,STRONG,,,,,,ABSORPTION,PNNFYB/SLCQJL/TYVWZN/MDLSWR/STTVDT/GFDKNP/HCRRRX/LMHBSG,M6_GENERATED_CERTIFIED_GRID,AGGREGATE,1500,88.19666666666666,87,12.43081229203734,73,80,96,103,0.17866666666666667,0.774,0.04733333333333333,0,0.16,3.6153846153846154,5.430555555555556,29.01788888888889,0.5135890626953478,1,6,1,m8.1,m8.1.players.0,wordfreq,v3.2,zipf-linear-v1,wordfreq,false
ABSTAINING,REGULAR,,,,,,ABSTAINING,RSNGTW/CTYNSL/MBYXBT/NWRNFD/FGVDLK/CHSJVL/QHDTZR/PMRSPL,M6_GENERATED_CERTIFIED_GRID,AGGREGATE,1500,83.61200000000001,83,11.451899031284867,70,76,91,98,0.08933333333333333,0.8133333333333334,0.09733333333333334,0,0.24933333333333332,2.9615384615384617,0.4628888888888889,8.530777777777777,0.3115026884123052,1,6,1,m8.1,m8.1.players.0,wordfreq,v3.2,zipf-linear-v1,wordfreq,false
ABSTAINING,STRONG,,,,,,ABSTAINING,RSNGTW/CTYNSL/MBYXBT/NWRNFD/FGVDLK/CHSJVL/QHDTZR/PMRSPL,M6_GENERATED_CERTIFIED_GRID,AGGREGATE,1500,91.39466666666665,90.33333333333333,10.329470947429138,79,84,99,105,0.214,0.7766666666666667,0.009333333333333334,0,0.16133333333333333,3.4404761904761907,5.8918888888888885,29.92011111111111,0.5257946003043458,0.9945799457994581,6,1,m8.1,m8.1.players.0,wordfreq,v3.2,zipf-linear-v1,wordfreq,false
ABSTENTION,REGULAR,,,,,,ABSTENTION,CPHNFS/RVBSPL/XQMBSN/LGHTTL/RDWNND/YGTMYV/FTRKRW/JLCDSZ,M6_GENERATED_CERTIFIED_GRID,AGGREGATE,1500,81.818,81.33333333333333,11.370628937611071,68,74,89,97,0.068,0.8039999999999999,0.128,0,0.19533333333333336,2.235294117647059,0.24544444444444444,8.065222222222223,0.28673158138084504,1,6,1,m8.1,m8.1.players.0,wordfreq,v3.2,zipf-linear-v1,wordfreq,false
ABSTENTION,STRONG,,,,,,ABSTENTION,CPHNFS/RVBSPL/XQMBSN/LGHTTL/RDWNND/YGTMYV/FTRKRW/JLCDSZ,M6_GENERATED_CERTIFIED_GRID,AGGREGATE,1500,90.77733333333333,89.33333333333333,12.355007005341427,77,82,97,107,0.21733333333333335,0.7586666666666666,0.024000000000000004,0,0.15133333333333335,2.1846153846153844,5.102682338557297,28.923773294801972,0.4973892630895129,1,6,1,m8.1,m8.1.players.0,wordfreq,v3.2,zipf-linear-v1,wordfreq,false
ABSTINENCE,REGULAR,,,,,,ABSTINENCE,JDSXYH/DSTBHN/MFKFRL/LZRCMN/GTPRNB/VLCWSN/WSYDPT/QLTGVR,M6_GENERATED_CERTIFIED_GRID,AGGREGATE,1500,81.91533333333332,81.33333333333333,11.497161343590813,68,73,88,94,0.06866666666666667,0.8086666666666668,0.122,0.0006666666666666666,0.22866666666666666,2.95,0.17644444444444443,8.043333333333333,0.2894816513118124,1,6,1,m8.1,m8.1.players.0,wordfreq,v3.2,zipf-linear-v1,wordfreq,false
ABSTINENCE,STRONG,,,,,,ABSTINENCE,JDSXYH/DSTBHN/MFKFRL/LZRCMN/GTPRNB/VLCWSN/WSYDPT/QLTGVR,M6_GENERATED_CERTIFIED_GRID,AGGREGATE,1500,88.71466666666667,87.66666666666667,12.023562337604872,75,82,96,105,0.17533333333333334,0.79,0.03466666666666667,0,0.1426666666666667,3.1549295774647885,5.322555555555556,28.656888888888886,0.5072859718890489,1,6,1,m8.1,m8.1.players.0,wordfreq,v3.2,zipf-linear-v1,wordfreq,false
ABYSSINIAN,REGULAR,,,,,,ABYSSINIAN,TDWJHS/TGNGYH/LPNFXP/LVLBWC/MDRKFQ/LNBVZD/NSYMRR/RSTSTC,M6_GENERATED_CERTIFIED_GRID,AGGREGATE,1500,82.906,81,13.582305005564663,68,74,92,104,0.122,0.7479999999999999,0.13,0,0.252,2.8129496402877696,0.2488888888888889,8.08622222222222,0.28565880557105544,1,6,1,m8.1,m8.1.players.0,wordfreq,v3.2,zipf-linear-v1,wordfreq,false
ABYSSINIAN,STRONG,,,,,,ABYSSINIAN,TDWJHS/TGNGYH/LPNFXP/LVLBWC/MDRKFQ/LNBVZD/NSYMRR/RSTSTC,M6_GENERATED_CERTIFIED_GRID,AGGREGATE,1500,90.44466666666666,88,13.68582743340587,76,82,98,110,0.21466666666666667,0.762,0.023333333333333334,0,0.16333333333333333,3.2093023255813953,4.952888888888889,28.76677777777778,0.4854956695108334,1,6,1,m8.1,m8.1.players.0,wordfreq,v3.2,zipf-linear-v1,wordfreq,false
ACCELERANT,REGULAR,,,,,,ACCELERANT,BQVRNY/GBSMWN/SGXLJT/LKPHHN/FTLCZM/RWCLSS/VNRFRD/PTTDDY,M6_GENERATED_CERTIFIED_GRID,AGGREGATE,1500,79.60066666666667,79.33333333333333,10.782321869448845,66,72,85,95,0.03933333333333333,0.8073333333333333,0.15333333333333332,0,0.18933333333333335,2.0229885057471266,0.28777777777777774,8.041222222222222,0.2915613495600249,1,6,1,m8.1,m8.1.players.0,wordfreq,v3.2,zipf-linear-v1,wordfreq,false
ACCELERANT,STRONG,,,,,,ACCELERANT,BQVRNY/GBSMWN/SGXLJT/LKPHHN/FTLCZM/RWCLSS/VNRFRD/PTTDDY,M6_GENERATED_CERTIFIED_GRID,AGGREGATE,1500,85.90266666666666,85,10.549279830436166,73,80,92,97,0.106,0.854,0.04,0,0.13133333333333333,2.245614035087719,5.843,28.84166666666667,0.5156593853604913,0.993939393939394,6,1,m8.1,m8.1.players.0,wordfreq,v3.2,zipf-linear-v1,wordfreq,false
ACCEPTABLE,REGULAR,,,,,,ACCEPTABLE,GMDMQS/GJLNHD/WKSPRL/ZYTLXY/BVNNCC/HRRPRW/STTTDF/FVLBNS,M6_GENERATED_CERTIFIED_GRID,AGGREGATE,1500,85.51266666666668,83.66666666666667,12.911528013950724,70,77,92,102,0.126,0.8013333333333333,0.07266666666666666,0,0.22399999999999998,2.9444444444444446,0.24022222222222223,8.312888888888887,0.30740481835751016,1,6,1,m8.1,m8.1.players.0,wordfreq,v3.2,zipf-linear-v1,wordfreq,false
ACCEPTABLE,STRONG,,,,,,ACCEPTABLE,GMDMQS/GJLNHD/WKSPRL/ZYTLXY/BVNNCC/HRRPRW/STTTDF/FVLBNS,M6_GENERATED_CERTIFIED_GRID,AGGREGATE,1500,94.75866666666667,92,14.747438876330365,77,84,102,115,0.31666666666666665,0.672,0.011333333333333334,0,0.16266666666666665,3.2916666666666665,6.163999999999999,29.391222222222222,0.5194542236789704,0.9873015873015873,6,1,m8.1,m8.1.players.0,wordfreq,v3.2,zipf-linear-v1,wordfreq,false
ACCIDENTAL,REGULAR,,,,,,ACCIDENTAL,YNTMWB/CDLLST/CVNRFH/RWGRFV/LPHTPY/KRQSTX/NSNSDM/GLBDJZ,M6_GENERATED_CERTIFIED_GRID,AGGREGATE,1500,84.96733333333333,84,12.490631214150701,69,77,93,102,0.13466666666666668,0.7753333333333333,0.09000000000000001,0,0.2753333333333334,3.217391304347826,0.3706666666666667,8.282111111111112,0.30908540478577773,1,6,1,m8.1,m8.1.players.0,wordfreq,v3.2,zipf-linear-v1,wordfreq,false
ACCIDENTAL,STRONG,,,,,,ACCIDENTAL,YNTMWB/CDLLST/CVNRFH/RWGRFV/LPHTPY/KRQSTX/NSNSDM/GLBDJZ,M6_GENERATED_CERTIFIED_GRID,AGGREGATE,1500,91.97733333333333,90,12.902882836714232,77,82,99,110,0.26466666666666666,0.7166666666666667,0.018666666666666665,0,0.168,3.616279069767442,5.492222222222222,29.11833333333333,0.5271808608123593,0.9921617677715239,6,1,m8.1,m8.1.players.0,wordfreq,v3.2,zipf-linear-v1,wordfreq,false
ACCLAIMING,REGULAR,,,,,,ACCLAIMING,SRRTLP/GBSRVM/LFTLDD/VNPKWH/YRTBGT/JFMNNX/SQLCZW/DYCNHS,M6_GENERATED_CERTIFIED_GRID,AGGREGATE,1500,82.488,81.66666666666667,11.937678846989021,69,74,90,97,0.08133333333333333,0.802,0.11666666666666665,0,0.22266666666666668,2.8278688524590163,0.3323333333333333,8.378666666666668,0.30471859980420973,1,6,1,m8.1,m8.1.players.0,wordfreq,v3.2,zipf-linear-v1,wordfreq,false
ACCLAIMING,STRONG,,,,,,ACCLAIMING,SRRTLP/GBSRVM/LFTLDD/VNPKWH/YRTBGT/JFMNNX/SQLCZW/DYCNHS,M6_GENERATED_CERTIFIED_GRID,AGGREGATE,1500,91.00133333333332,90,12.589523582446533,77,82,98,107,0.218,0.7600000000000001,0.022000000000000002,0,0.1426666666666667,3.289473684210526,6.247111111111113,29.40111111111111,0.5188192270254331,0.9971509971509972,6,1,m8.1,m8.1.players.0,wordfreq,v3.2,zipf-linear-v1,wordfreq,false
ACCLIMATED,REGULAR,,,,,,ACCLIMATED,PHJNSN/VTXWFL/NTLZBD/GQRSVG/TRFBLC/DRPMHC/SYWTKN/LSYRDM,M6_GENERATED_CERTIFIED_GRID,AGGREGATE,1500,81.91466666666666,81.33333333333333,11.55004890774766,68,75,90,97,0.06066666666666667,0.81,0.12933333333333333,0,0.25266666666666665,3.0522388059701493,0.2891111111111111,8.443888888888887,0.30111438579681415,1,6,1,m8.1,m8.1.players.0,wordfreq,v3.2,zipf-linear-v1,wordfreq,false
ACCLIMATED,STRONG,,,,,,ACCLIMATED,PHJNSN/VTXWFL/NTLZBD/GQRSVG/TRFBLC/DRPMHC/SYWTKN/LSYRDM,M6_GENERATED_CERTIFIED_GRID,AGGREGATE,1500,87.15133333333334,86.33333333333333,11.137209606449517,74,80,94,100,0.14733333333333334,0.8153333333333332,0.037333333333333336,0,0.16466666666666666,3.108433734939759,5.832333333333334,30.01288888888889,0.5216747139120707,1,6,1,m8.1,m8.1.players.0,wordfreq,v3.2,zipf-linear-v1,wordfreq,false
ACCORDIONS,REGULAR,,,,,,ACCORDIONS,SDNMZT/RSDRYG/LCRLYR/NCDHNS/LSHPGB/VMQJPF/VTKTNB/FTXLWW,M6_GENERATED_CERTIFIED_GRID,AGGREGATE,1500,78.796,78.33333333333333,11.64766014718328,63,71,85,92,0.05266666666666667,0.7559999999999999,0.19133333333333336,0,0.17933333333333334,2.159090909090909,0.11922222222222223,8.150333333333334,0.2878614835206132,1,6,1,m8.1,m8.1.players.0,wordfreq,v3.2,zipf-linear-v1,wordfreq,false
ACCORDIONS,STRONG,,,,,,ACCORDIONS,SDNMZT/RSDRYG/LCRLYR/NCDHNS/LSHPGB/VMQJPF/VTKTNB/FTXLWW,M6_GENERATED_CERTIFIED_GRID,AGGREGATE,1500,85.77933333333333,84.66666666666667,12.172832312310367,72,78,93,102,0.12933333333333333,0.81,0.06066666666666667,0,0.1366666666666667,2.1621621621621623,5.780888888888889,29.046555555555557,0.49961462449559096,0.9954337899543378,6,1,m8.1,m8.1.players.0,wordfreq,v3.2,zipf-linear-v1,wordfreq,false
ACCOUNTANT,REGULAR,,,,,,ACCOUNTANT,BRBSJN/WSTWZF/XSRLLM/HMDFRP/LDNNTC/TPTNCG/QGYKVH/VDLSYR,M6_GENERATED_CERTIFIED_GRID,AGGREGATE,1500,82.58666666666666,81.66666666666667,11.253087437051406,69,75,89,97,0.07866666666666668,0.8093333333333333,0.11199999999999999,0,0.2273333333333333,2.5700934579439254,0.3998888888888889,8.379111111111111,0.3175831457323955,1,6,1,m8.1,m8.1.players.0,wordfreq,v3.2,zipf-linear-v1,wordfreq,false
ACCOUNTANT,STRONG,,,,,,ACCOUNTANT,BRBSJN/WSTWZF/XSRLLM/HMDFRP/LDNNTC/TPTNCG/QGYKVH/VDLSYR,M6_GENERATED_CERTIFIED_GRID,AGGREGATE,1500,90.18266666666666,89,12.184889391231204,75,82,98,108,0.218,0.7613333333333333,0.020666666666666667,0,0.17333333333333334,2.919191919191919,6.046555555555556,29.554111111111112,0.5329842106752617,0.9966329966329966,6,1,m8.1,m8.1.players.0,wordfreq,v3.2,zipf-linear-v1,wordfreq,false
ACCREDITED,REGULAR,,,,,,ACCREDITED,SGMVFN/TRBJSL/RWPHRG/LRQDVC/LDTDYC/NSHFPN/LMTZBY/KSXTNW,M6_GENERATED_CERTIFIED_GRID,AGGREGATE,1500,78.50733333333334,77.66666666666667,11.462247426793843,65,71,86,94,0.03866666666666666,0.758,0.20333333333333334,0,0.2313333333333333,2.7983193277310923,0.3894444444444444,8.518,0.3158773923640528,1,6,1,m8.1,m8.1.players.0,wordfreq,v3.2,zipf-linear-v1,wordfreq,false
ACCREDITED,STRONG,,,,,,ACCREDITED,SGMVFN/TRBJSL/RWPHRG/LRQDVC/LDTDYC/NSHFPN/LMTZBY/KSXTNW,M6_GENERATED_CERTIFIED_GRID,AGGREGATE,1500,84.56599999999999,83.33333333333333,11.49988543472024,72,77,92,100,0.10533333333333333,0.8306666666666667,0.064,0,0.166,2.761904761904762,6.824333333333333,30.343,0.5439750154187212,1,6,1,m8.1,m8.1.players.0,wordfreq,v3.2,zipf-linear-v1,wordfreq,false
ACCURATELY,REGULAR,,,,,,ACCURATELY,WTLMTW/NXLFMS/JLYRVD/HPGBTS/CYLSGP/CRTZQK/NRNDBF/RSHVDN,M6_GENERATED_CERTIFIED_GRID,AGGREGATE,1500,82.78133333333334,82,10.80801921669979,70,75,90,97,0.07400000000000001,0.8406666666666666,0.08533333333333333,0,0.242,2.4545454545454546,0.15566666666666665,8.08922222222222,0.2961000696848304,1,6,1,m8.1,m8.1.players.0,wordfreq,v3.2,zipf-linear-v1,wordfreq,false
ACCURATELY,STRONG,,,,,,ACCURATELY,WTLMTW/NXLFMS/JLYRVD/HPGBTS/CYLSGP/CRTZQK/NRNDBF/RSHVDN,M6_GENERATED_CERTIFIED_GRID,AGGREGATE,1500,89.462,88.66666666666667,10.855468824922445,77,82,95,105,0.17,0.8133333333333334,0.016666666666666666,0,0.1486666666666667,2.725,5.175111111111111,28.671555555555557,0.5127396573282944,1,6,1,m8.1,m8.1.players.0,wordfreq,v3.2,zipf-linear-v1,wordfreq,false
ACCUSATORY,REGULAR,,,,,,ACCUSATORY,NQSCRY/DVCTST/TBRLPS/WYSHBV/WPHJGN/ZRDKGM/LFNNFL/MTXLRD,M6_GENERATED_CERTIFIED_GRID,AGGREGATE,1500,82.572,82.33333333333333,12.034550970666224,69,75,90,97,0.082,0.7939999999999999,0.124,0,0.24333333333333332,2.9026548672566372,0.2478888888888889,8.316,0.30225056677288037,1,6,1,m8.1,m8.1.players.0,wordfreq,v3.2,zipf-linear-v1,wordfreq,false
ACCUSATORY,STRONG,,,,,,ACCUSATORY,NQSCRY/DVCTST/TBRLPS/WYSHBV/WPHJGN/ZRDKGM/LFNNFL/MTXLRD,M6_GENERATED_CERTIFIED_GRID,AGGREGATE,1500,88.628,87.66666666666667,11.356385387294162,75,80,95,103,0.17600000000000002,0.8013333333333333,0.02266666666666667,0,0.11599999999999999,3.087719298245614,6.268777777777778,29.240333333333336,0.5239442572022867,0.9964539007092199,6,1,m8.1,m8.1.players.0,wordfreq,v3.2,zipf-linear-v1,wordfreq,false
ACCUSTOMED,REGULAR,,,,,,ACCUSTOMED,HSRVTM/RQTSNN/FLTXSL/VWPNWH/RKDTSC/LYMGBC/DGPBNY/JFRZLD,M6_GENERATED_CERTIFIED_GRID,AGGREGATE,1500,85.082,84.33333333333333,12.56535483819826,69,77,94,104,0.124,0.782,0.09399999999999999,0,0.27,2.7883211678832116,0.2872222222222222,8.212222222222223,0.300145317738632,1,6,1,m8.1,m8.1.players.0,wordfreq,v3.2,zipf-linear-v1,wordfreq,false
ACCUSTOMED,STRONG,,,,,,ACCUSTOMED,HSRVTM/RQTSNN/FLTXSL/VWPNWH/RKDTSC/LYMGBC/DGPBNY/JFRZLD,M6_GENERATED_CERTIFIED_GRID,AGGREGATE,1500,91.91933333333333,90.33333333333333,12.453036190465147,77,84,99,107,0.254,0.7293333333333333,0.016666666666666666,0,0.14600000000000002,3.514705882352941,5.319851431958802,29.11470419769553,0.5107661506303338,1,6,1,m8.1,m8.1.players.0,wordfreq,v3.2,zipf-linear-v1,wordfreq,false
ACQUITTALS,REGULAR,,,,,,ACQUITTALS,GBHFGV/NLYBML/NRLDJT/DTSNTQ/RNPLCC/RMDKSW/RPYSWV/FTHXZS,M6_GENERATED_CERTIFIED_GRID,AGGREGATE,1500,82.42399999999999,81.33333333333333,11.33592401484369,68,75,90,97,0.06533333333333334,0.8180000000000001,0.11666666666666665,0,0.21599999999999997,2.656862745098039,0.1781111111111111,8.051222222222222,0.2846298082939744,1,6,1,m8.1,m8.1.players.0,wordfreq,v3.2,zipf-linear-v1,wordfreq,false
ACQUITTALS,STRONG,,,,,,ACQUITTALS,GBHFGV/NLYBML/NRLDJT/DTSNTQ/RNPLCC/RMDKSW/RPYSWV/FTHXZS,M6_GENERATED_CERTIFIED_GRID,AGGREGATE,1500,91.42399999999999,89.66666666666667,12.7477997093254,77,83,100,109,0.25466666666666665,0.7213333333333333,0.024000000000000004,0,0.15,2.6533333333333333,5.093333333333333,28.572666666666663,0.4936377801992234,1,6,1,m8.1,m8.1.players.0,wordfreq,v3.2,zipf-linear-v1,wordfreq,false
ACQUITTING,REGULAR,,,,,,ACQUITTING,DVBPYW/NSNMTB/SJPCQT/LRDHTN/RHRFGL/SFXNLT/DRLCVZ/GSYWKM,M6_GENERATED_CERTIFIED_GRID,AGGREGATE,1500,84.76333333333334,84,11.447552229418756,72,77,91,99,0.11133333333333334,0.818,0.07066666666666667,0,0.23399999999999999,3.0530973451327434,0.3053333333333333,8.294666666666666,0.3005930729781207,1,6,1,m8.1,m8.1.players.0,wordfreq,v3.2,zipf-linear-v1,wordfreq,false
ACQUITTING,STRONG,,,,,,ACQUITTING,DVBPYW/NSNMTB/SJPCQT/LRDHTN/RHRFGL/SFXNLT/DRLCVZ/GSYWKM,M6_GENERATED_CERTIFIED_GRID,AGGREGATE,1500,91.31866666666667,90,11.38827108191534,78,83,98,107,0.224,0.7606666666666667,0.015333333333333332,0,0.15333333333333332,2.9871794871794872,6.283777777777778,29.47866666666667,0.519850229359991,0.9852507374631269,6,1,m8.1,m8.1.players.0,wordfreq,v3.2,zipf-linear-v1,wordfreq,false
ACROBATICS,REGULAR,,,,,,ACROBATICS,TGPBVL/NMRMRH/SSJZPD/DTSWTN/NLLDTW/FFQCCB/LGNSRY/YVXHKR,M6_GENERATED_CERTIFIED_GRID,AGGREGATE,1500,83.92399999999999,83,11.55241543908057,70,77,91,98,0.08800000000000001,0.8186666666666667,0.09333333333333332,0,0.24933333333333332,3.1983471074380163,0.25433333333333336,8.094777777777777,0.29139469392026085,1,6,1,m8.1,m8.1.players.0,wordfreq,v3.2,zipf-linear-v1,wordfreq,false
ACROBATICS,STRONG,,,,,,ACROBATICS,TGPBVL/NMRMRH/SSJZPD/DTSWTN/NLLDTW/FFQCCB/LGNSRY/YVXHKR,M6_GENERATED_CERTIFIED_GRID,AGGREGATE,1500,91.724,91,11.613940241538652,77,83,99,108,0.244,0.7426666666666666,0.013333333333333334,0,0.166,3.0602409638554215,4.625444444444445,28.76122222222222,0.4956942868970162,1,6,1,m8.1,m8.1.players.0,wordfreq,v3.2,zipf-linear-v1,wordfreq,false
ACTIVATING,REGULAR,,,,,,ACTIVATING,MNTYZH/QBDLXB/CTNPSR/VVRGSH/RKTCPR/LNGWWS/MSDDFL/LYFTJN,M6_GENERATED_CERTIFIED_GRID,AGGREGATE,1500,81.98666666666666,81.66666666666667,11.50015359359621,67,73,89,95,0.07400000000000001,0.7993333333333333,0.12666666666666668,0,0.216,2.601769911504425,0.19633333333333333,8.112111111111112,0.2893845865281807,1,6,1,m8.1,m8.1.players.0,wordfreq,v3.2,zipf-linear-v1,wordfreq,false
ACTIVATING,STRONG,,,,,,ACTIVATING,MNTYZH/QBDLXB/CTNPSR/VVRGSH/RKTCPR/LNGWWS/MSDDFL/LYFTJN,M6_GENERATED_CERTIFIED_GRID,AGGREGATE,1500,90.346,89,12.341098418062181,76,82,99,108,0.22399999999999998,0.754,0.022000000000000002,0,0.16,2.5729166666666665,5.335111111111111,28.974444444444444,0.5027545578261167,1,6,1,m8.1,m8.1.players.0,wordfreq,v3.2,zipf-linear-v1,wordfreq,false
ADDICTIONS,REGULAR,,,,,,ADDICTIONS,SVYWVN/SRGTGR/PNSQHY/SBBXLH/NRMJWC/TLKPNM/CRDLZF/DDFTTL,M6_GENERATED_CERTIFIED_GRID,AGGREGATE,1500,83.40933333333334,82,12.911743270185212,69,75,90,99,0.10733333333333334,0.7920000000000001,0.10066666666666667,0,0.242,2.725,0.36288888888888887,8.283222222222221,0.309600375517018,1,6,1,m8.1,m8.1.players.0,wordfreq,v3.2,zipf-linear-v1,wordfreq,false
ADDICTIONS,STRONG,,,,,,ADDICTIONS,SVYWVN/SRGTGR/PNSQHY/SBBXLH/NRMJWC/TLKPNM/CRDLZF/DDFTTL,M6_GENERATED_CERTIFIED_GRID,AGGREGATE,1500,90.856,89,12.945000047100999,77,82,98,109,0.21333333333333335,0.7673333333333333,0.01933333333333333,0,0.162,3.05,5.849,29.191333333333333,0.5333106619513308,1,6,1,m8.1,m8.1.players.0,wordfreq,v3.2,zipf-linear-v1,wordfreq,false
ADIRONDACK,REGULAR,,,,,,ADIRONDACK,SHSYVT/TLPGBN/RDLTFW/XMCRTS/SHPNVM/ZLNKGF/LJCRDY/RQNDBW,M6_GENERATED_CERTIFIED_GRID,AGGREGATE,1500,84.28666666666668,82.33333333333333,13.26641108943965,69,75,90,101,0.12733333333333333,0.7746666666666666,0.09800000000000002,0,0.276,3.1374045801526718,0.3478888888888889,8.305666666666667,0.3065806886229006,1,6,1,m8.1,m8.1.players.0,wordfreq,v3.2,zipf-linear-v1,wordfreq,false
ADIRONDACK,STRONG,,,,,,ADIRONDACK,SHSYVT/TLPGBN/RDLTFW/XMCRTS/SHPNVM/ZLNKGF/LJCRDY/RQNDBW,M6_GENERATED_CERTIFIED_GRID,AGGREGATE,1500,90.23266666666666,88.33333333333333,13.07266801555595,76,82,97,105,0.20733333333333334,0.77,0.02266666666666667,0,0.136,3.723076923076923,6.008555555555556,29.045555555555556,0.5224862096020455,0.9934528349860158,6,1,m8.1,m8.1.players.0,wordfreq,v3.2,zipf-linear-v1,wordfreq,false
ADJECTIVES,REGULAR,,,,,,ADJECTIVES,GKDTCM/PTLYLP/FSRLMS/RQVSRF/NTDXYD/ZJCNNB/WSHNRG/TVBLHW,M6_GENERATED_CERTIFIED_GRID,AGGREGATE,1500,84.31533333333333,83.66666666666667,11.538719086649822,70,77,90,97,0.09400000000000001,0.8213333333333334,0.08466666666666667,0,0.24066666666666667,2.803738317757009,0.2927777777777778,8.474111111111112,0.31082596958467246,1,6,1,m8.1,m8.1.players.0,wordfreq,v3.2,zipf-linear-v1,wordfreq,false
ADJECTIVES,STRONG,,,,,,ADJECTIVES,GKDTCM/PTLYLP/FSRLMS/RQVSRF/NTDXYD/ZJCNNB/WSHNRG/TVBLHW,M6_GENERATED_CERTIFIED_GRID,AGGREGATE,1500,91.61200000000001,90.66666666666667,10.979561582273154,79,84,99,107,0.22866666666666666,0.762,0.009333333333333332,0,0.15266666666666664,3.1868131868131866,6.32,29.869777777777774,0.5309516345432949,0.9940304871548875,6,1,m8.1,m8.1.players.0,wordfreq,v3.2,zipf-linear-v1,wordfreq,false
ADJOURNING,REGULAR,,,,,,ADJOURNING,KNSRTT/HLTTDF/LFVGWR/CLXPNN/QYSBRM/ZGSLBJ/PHVWCD/RMYSND,M6_GENERATED_CERTIFIED_GRID,AGGREGATE,1500,81.64933333333333,81.33333333333333,11.391034729415757,68,73,88,96,0.06333333333333334,0.8086666666666668,0.128,0,0.25866666666666666,3.308333333333333,0.31577777777777777,8.173666666666668,0.2980491972782728,1,6,1,m8.1,m8.1.players.0,wordfreq,v3.2,zipf-linear-v1,wordfreq,false
ADJOURNING,STRONG,,,,,,ADJOURNING,KNSRTT/HLTTDF/LFVGWR/CLXPNN/QYSBRM/ZGSLBJ/PHVWCD/RMYSND,M6_GENERATED_CERTIFIED_GRID,AGGREGATE,1500,87.642,86,11.360034588363215,74,80,95,105,0.14400000000000002,0.828,0.028,0,0.13333333333333333,3.2873563218390807,5.632777777777778,28.636555555555557,0.5233688894597861,0.9950980392156863,6,1,m8.1,m8.1.players.0,wordfreq,v3.2,zipf-linear-v1,wordfreq,false
ADJUSTABLE,REGULAR,,,,,,ADJUSTABLE,RRGSND/VSVSTD/HPMRQC/FBCYNL/YHNDJB/GKZRST/WLLNPT/XMFLTW,M6_GENERATED_CERTIFIED_GRID,AGGREGATE,1500,84.998,84.66666666666667,11.948640544572845,70,77,93,101,0.11599999999999999,0.802,0.08133333333333333,0.0006666666666666666,0.248,3,0.225,8.066555555555555,0.2891005088574878,1,6,1,m8.1,m8.1.players.0,wordfreq,v3.2,zipf-linear-v1,wordfreq,false
ADJUSTABLE,STRONG,,,,,,ADJUSTABLE,RRGSND/VSVSTD/HPMRQC/FBCYNL/YHNDJB/GKZRST/WLLNPT/XMFLTW,M6_GENERATED_CERTIFIED_GRID,AGGREGATE,1500,94.572,93.66666666666667,12.005700813044273,80,85,102,112,0.3373333333333333,0.6526666666666667,0.01,0,0.152,3.3506493506493507,5.102222222222221,28.719777777777775,0.4946916701672288,1,6,1,m8.1,m8.1.players.0,wordfreq,v3.2,zipf-linear-v1,wordfreq,false
ADMINISTER,REGULAR,,,,,,ADMINISTER,HLYPKN/FBSNMC/HTTRYD/QSNLBZ/GTVRVP/WLJDMR/XLFGWR/NCTSSD,M6_GENERATED_CERTIFIED_GRID,AGGREGATE,1500,83.12266666666666,82.33333333333333,11.340248119339838,68,75,91,97,0.07200000000000001,0.8273333333333333,0.10066666666666667,0,0.23199999999999998,2.385321100917431,0.42511111111111116,8.204777777777778,0.3078872127253866,1,6,1,m8.1,m8.1.players.0,wordfreq,v3.2,zipf-linear-v1,wordfreq,false
ADMINISTER,STRONG,,,,,,ADMINISTER,HLYPKN/FBSNMC/HTTRYD/QSNLBZ/GTVRVP/WLJDMR/XLFGWR/NCTSSD,M6_GENERATED_CERTIFIED_GRID,AGGREGATE,1500,91.59933333333333,90,12.462725715503003,78,84,100,110,0.24333333333333332,0.7366666666666667,0.02,0,0.16866666666666666,3.1578947368421053,5.648888888888888,29.05977777777778,0.5187687092936968,0.9970760233918128,6,1,m8.1,m8.1.players.0,wordfreq,v3.2,zipf-linear-v1,wordfreq,false
ADMISSIBLE,REGULAR,,,,,,ADMISSIBLE,LQNHDY/MPCFRH/JWRWDF/RTSVCL/YSBTKP/MDSLTG/NSNVRG/XLZBNT,M6_GENERATED_CERTIFIED_GRID,AGGREGATE,1500,83.44999999999999,82,11.886226005372427,70,75,90,100,0.09666666666666666,0.816,0.08733333333333333,0,0.19933333333333336,2.372340425531915,0.20833333333333334,8.054222222222222,0.29513679351543504,1,6,1,m8.1,m8.1.players.0,wordfreq,v3.2,zipf-linear-v1,wordfreq,false
ADMISSIBLE,STRONG,,,,,,ADMISSIBLE,LQNHDY/MPCFRH/JWRWDF/RTSVCL/YSBTKP/MDSLTG/NSNVRG/XLZBNT,M6_GENERATED_CERTIFIED_GRID,AGGREGATE,1500,91.30400000000002,90,12.259065144332197,77,83,97,105,0.248,0.7293333333333333,0.02266666666666667,0,0.15333333333333332,2.704225352112676,5.031333333333333,28.69077777777778,0.5084989652359381,1,6,1,m8.1,m8.1.players.0,wordfreq,v3.2,zipf-linear-v1,wordfreq,false
ADMISSIONS,REGULAR,,,,,,ADMISSIONS,THNPSM/VBRSFD/CSNRHC/FSQNKZ/RYLVLJ/TMDYPG/BLLGXW/DTWNTR,M6_GENERATED_CERTIFIED_GRID,AGGREGATE,1500,80.89533333333334,80,11.059398548843923,65,72,87,94,0.054,0.8006666666666667,0.14533333333333334,0,0.23866666666666667,2.779816513761468,0.38166666666666665,8.191777777777778,0.3060439872308047,1,6,1,m8.1,m8.1.players.0,wordfreq,v3.2,zipf-linear-v1,wordfreq,false
ADMISSIONS,STRONG,,,,,,ADMISSIONS,THNPSM/VBRSFD/CSNRHC/FSQNKZ/RYLVLJ/TMDYPG/BLLGXW/DTWNTR,M6_GENERATED_CERTIFIED_GRID,AGGREGATE,1500,86.8,85.66666666666667,11.585461140606077,73,78,94,102,0.15,0.8033333333333333,0.04666666666666667,0,0.16133333333333333,3.074074074074074,5.236358563965767,29.06645741172984,0.5219366159765011,1,6,1,m8.1,m8.1.players.0,wordfreq,v3.2,zipf-linear-v1,wordfreq,false
ADMITTANCE,REGULAR,,,,,,ADMITTANCE,BCJTYL/RBMSTF/MHLDNN/ZSYSCV/GRLRFP/PWKDVW/GSXNQN/DTRTLH,M6_GENERATED_CERTIFIED_GRID,AGGREGATE,1500,82.15866666666666,80.66666666666667,11.920439561315064,68,75,90,97,0.07133333333333333,0.8000000000000002,0.12866666666666668,0,0.24666666666666667,2.6515151515151514,0.18699999999999997,8.047555555555554,0.28997159776466835,1,6,1,m8.1,m8.1.players.0,wordfreq,v3.2,zipf-linear-v1,wordfreq,false
ADMITTANCE,STRONG,,,,,,ADMITTANCE,BCJTYL/RBMSTF/MHLDNN/ZSYSCV/GRLRFP/PWKDVW/GSXNQN/DTRTLH,M6_GENERATED_CERTIFIED_GRID,AGGREGATE,1500,89.29733333333333,87.33333333333333,12.58508872525905,74,80,96,107,0.19266666666666668,0.778,0.029333333333333336,0,0.14333333333333334,2.4324324324324325,5.2139999999999995,28.64822222222222,0.4997526667332897,1,6,1,m8.1,m8.1.players.0,wordfreq,v3.2,zipf-linear-v1,wordfreq,false
ADMONISHED,REGULAR,,,,,,ADMONISHED,SLNNTW/LGPVRR/QGYRCB/FRXDNM/ZVLSCD/JHHDTW/FTSKBY/PNLSMT,M6_GENERATED_CERTIFIED_GRID,AGGREGATE,1500,82.55533333333334,82,10.97304916647945,70,75,88,97,0.06733333333333334,0.842,0.09066666666666667,0,0.20866666666666667,2.5,0.27444444444444444,8.495222222222223,0.31248324703003877,1,6,1,m8.1,m8.1.players.0,wordfreq,v3.2,zipf-linear-v1,wordfreq,false
ADMONISHED,STRONG,,,,,,ADMONISHED,SLNNTW/LGPVRR/QGYRCB/FRXDNM/ZVLSCD/JHHDTW/FTSKBY/PNLSMT,M6_GENERATED_CERTIFIED_GRID,AGGREGATE,1500,90.93266666666666,89.66666666666667,11.882800094743226,77,82,97,107,0.21133333333333335,0.7719999999999999,0.016666666666666666,0,0.15266666666666667,2.8714285714285714,6.606179096735949,30.044669593568226,0.522445366607318,0.9970760233918128,6,1,m8.1,m8.1.players.0,wordfreq,v3.2,zipf-linear-v1,wordfreq,false
ADMONISHES,REGULAR,,,,,,ADMONISHES,BSHMNQ/DRDSHL/TTPPLC/SVRVFD/YFWBLT/RYNKZT/MGLCGR/NXSJNW,M6_GENERATED_CERTIFIED_GRID,AGGREGATE,1500,84.89333333333333,84,12.465249213084663,69,75,92,102,0.12266666666666666,0.7813333333333334,0.09599999999999999,0,0.26266666666666666,3,0.308,8.346777777777778,0.3009011379976895,1,6,1,m8.1,m8.1.players.0,wordfreq,v3.2,zipf-linear-v1,wordfreq,false
ADMONISHES,STRONG,,,,,,ADMONISHES,BSHMNQ/DRDSHL/TTPPLC/SVRVFD/YFWBLT/RYNKZT/MGLCGR/NXSJNW,M6_GENERATED_CERTIFIED_GRID,AGGREGATE,1500,91.57600000000001,90,11.893823679462068,77,83,99,105,0.23933333333333331,0.7486666666666667,0.011999999999999999,0,0.15866666666666665,3.5454545454545454,5.7253333333333325,29.42211111111111,0.5084690708370948,1,6,1,m8.1,m8.1.players.0,wordfreq,v3.2,zipf-linear-v1,wordfreq,false
ADMONITORY,REGULAR,,,,,,ADMONITORY,WYRQGD/GPSNLK/FFTNXC/STLSHT/MNTHJD/VNSRBL/DMBYWR/VCRPLZ,M6_GENERATED_CERTIFIED_GRID,AGGREGATE,1500,83.90666666666667,82.66666666666667,11.739227499060528,71,77,92,101,0.09733333333333333,0.8193333333333332,0.08333333333333333,0,0.18666666666666668,2.423076923076923,0.42711111111111105,8.333333333333334,0.31129017745945253,1,6,1,m8.1,m8.1.players.0,wordfreq,v3.2,zipf-linear-v1,wordfreq,false
ADMONITORY,STRONG,,,,,,ADMONITORY,WYRQGD/GPSNLK/FFTNXC/STLSHT/MNTHJD/VNSRBL/DMBYWR/VCRPLZ,M6_GENERATED_CERTIFIED_GRID,AGGREGATE,1500,93.29333333333334,92,12.374732225074128,78,84,101,110,0.29466666666666663,0.6926666666666668,0.012666666666666666,0,0.13133333333333333,2.4375,6.505,29.47422222222222,0.5213254749750537,0.9931332339050459,6,1,m8.1,m8.1.players.0,wordfreq,v3.2,zipf-linear-v1,wordfreq,false
