answer,low_runs,shortlist_size,reference_selected_band,staged_selected_band,same_band,adjacent_band,reference_regular_mean,staged_regular_mean,mean_delta
WATERMELON,25,5,middle,middle,true,true,81.844,82.384,0.5400000000000063
WATERMELON,50,5,middle,middle,true,true,81.844,82.384,0.5400000000000063
WATERMELON,75,5,middle,middle,true,true,81.844,81.722,-0.12199999999999989
WATERMELON,100,5,middle,middle,true,true,81.844,82.384,0.5400000000000063
WATERMELON,150,5,middle,middle,true,true,81.844,82.384,0.5400000000000063
WATERMELON,250,5,middle,middle,true,true,81.844,81.722,-0.12199999999999989
OSCILLATED,25,5,middle,middle,true,true,82.436,81.944,-0.49200000000000443
OSCILLATED,50,5,middle,middle,true,true,82.436,82.436,0
OSCILLATED,75,5,middle,middle,true,true,82.436,82.908,0.4719999999999942
OSCILLATED,100,5,middle,middle,true,true,82.436,81.944,-0.49200000000000443
OSCILLATED,150,5,middle,harder,false,true,82.436,81.772,-0.6640000000000015
OSCILLATED,250,5,middle,middle,true,true,82.436,81.944,-0.49200000000000443
ABANDONING,25,5,middle,middle,true,true,82.334,82.136,-0.1980000000000075
ABANDONING,50,5,middle,middle,true,true,82.334,82.632,0.2980000000000018
ABANDONING,75,5,middle,middle,true,true,82.334,82.632,0.2980000000000018
ABANDONING,100,5,middle,middle,true,true,82.334,82.136,-0.1980000000000075
ABANDONING,150,5,middle,harder,false,true,82.334,82.114,-0.21999999999999886
ABANDONING,250,5,middle,middle,true,true,82.334,82.136,-0.1980000000000075
ABSOLUTELY,25,5,middle,harder,false,true,81.898,80.6,-1.2980000000000018
ABSOLUTELY,50,5,middle,middle,true,true,81.898,82.32,0.42199999999999704
ABSOLUTELY,75,5,middle,harder,false,true,81.898,80.944,-0.9539999999999935
ABSOLUTELY,100,5,middle,easier,false,true,81.898,82.69,0.7920000000000016
ABSOLUTELY,150,5,middle,middle,true,true,81.898,81.612,-0.28600000000000136
ABSOLUTELY,250,5,middle,middle,true,true,81.898,82.32,0.42199999999999704
ACCESSIBLE,25,5,middle,harder,false,true,83.612,81.434,-2.1779999999999973
ACCESSIBLE,50,5,middle,harder,false,true,83.612,81.434,-2.1779999999999973
ACCESSIBLE,75,5,middle,middle,true,true,83.612,82.854,-0.7579999999999956
ACCESSIBLE,100,5,middle,middle,true,true,83.612,83.612,0
ACCESSIBLE,150,5,middle,middle,true,true,83.612,83.612,0
ACCESSIBLE,250,5,middle,middle,true,true,83.612,83.612,0
ACCOUNTING,25,5,middle,easier,false,true,82.626,83.082,0.45599999999998886
ACCOUNTING,50,5,middle,middle,true,true,82.626,82.626,0
ACCOUNTING,75,5,middle,middle,true,true,82.626,82.58,-0.04600000000000648
ACCOUNTING,100,5,middle,middle,true,true,82.626,82.58,-0.04600000000000648
ACCOUNTING,150,5,middle,middle,true,true,82.626,83.078,0.4519999999999982
ACCOUNTING,250,5,middle,middle,true,true,82.626,82.58,-0.04600000000000648
ADVENTURES,25,5,middle,harder,false,true,83.752,81.478,-2.274000000000001
ADVENTURES,50,5,middle,middle,true,true,83.752,83.686,-0.06599999999998829
ADVENTURES,75,5,middle,middle,true,true,83.752,83.686,-0.06599999999998829
ADVENTURES,100,5,middle,middle,true,true,83.752,83.752,0
ADVENTURES,150,5,middle,middle,true,true,83.752,83.686,-0.06599999999998829
ADVENTURES,250,5,middle,middle,true,true,83.752,83.752,0
AGGRAVATED,25,5,middle,middle,true,true,82.002,82.084,0.08200000000000784
AGGRAVATED,50,5,middle,middle,true,true,82.002,81.92,-0.08199999999999363
AGGRAVATED,75,5,middle,harder,false,true,82.002,81.51,-0.4919999999999902
AGGRAVATED,100,5,middle,middle,true,true,82.002,81.92,-0.08199999999999363
AGGRAVATED,150,5,middle,middle,true,true,82.002,82.002,0
AGGRAVATED,250,5,middle,middle,true,true,82.002,82.084,0.08200000000000784
AFTERTASTE,25,5,middle,middle,true,true,82.68,82.68,0
AFTERTASTE,50,5,middle,middle,true,true,82.68,82.98,0.29999999999999716
AFTERTASTE,75,5,middle,middle,true,true,82.68,82.98,0.29999999999999716
AFTERTASTE,100,5,middle,middle,true,true,82.68,82.98,0.29999999999999716
AFTERTASTE,150,5,middle,middle,true,true,82.68,82.98,0.29999999999999716
AFTERTASTE,250,5,middle,middle,true,true,82.68,82.68,0
AFFORDABLE,25,5,middle,middle,true,true,84.53,84.238,-0.2920000000000016
AFFORDABLE,50,5,middle,middle,true,true,84.53,84.53,0
AFFORDABLE,75,5,middle,harder,false,true,84.53,84.094,-0.43600000000000705
AFFORDABLE,100,5,middle,middle,true,true,84.53,84.238,-0.2920000000000016
AFFORDABLE,150,5,middle,middle,true,true,84.53,84.238,-0.2920000000000016
AFFORDABLE,250,5,middle,middle,true,true,84.53,84.238,-0.2920000000000016
ABATEMENTS,25,5,middle,harder,false,true,83.172,81.798,-1.3739999999999952
ABATEMENTS,50,5,middle,middle,true,true,83.172,83.172,0
ABATEMENTS,75,5,middle,middle,true,true,83.172,83.172,0
ABATEMENTS,100,5,middle,middle,true,true,83.172,83.172,0
ABATEMENTS,150,5,middle,middle,true,true,83.172,82.468,-0.7039999999999935
ABATEMENTS,250,5,middle,harder,false,true,83.172,82.066,-1.1059999999999945
ABDICATING,25,5,middle,harder,false,true,83.824,83.26,-0.563999999999993
ABDICATING,50,5,middle,middle,true,true,83.824,83.824,0
ABDICATING,75,5,middle,harder,false,true,83.824,83.26,-0.563999999999993
ABDICATING,100,5,middle,middle,true,true,83.824,83.872,0.04800000000000182
ABDICATING,150,5,middle,harder,false,true,83.824,83.26,-0.563999999999993
ABDICATING,250,5,middle,middle,true,true,83.824,83.824,0
ABDUCTIONS,25,5,middle,middle,true,true,82.148,82.63,0.4819999999999993
ABDUCTIONS,50,5,middle,middle,true,true,82.148,82.63,0.4819999999999993
ABDUCTIONS,75,5,middle,middle,true,true,82.148,82.148,0
ABDUCTIONS,100,5,middle,middle,true,true,82.148,82.148,0
ABDUCTIONS,150,5,middle,middle,true,true,82.148,82.148,0
ABDUCTIONS,250,5,middle,middle,true,true,82.148,81.966,-0.18200000000000216
ABHORRENCE,25,5,middle,middle,true,true,81.994,81.994,0
ABHORRENCE,50,5,middle,middle,true,true,81.994,81.994,0
ABHORRENCE,75,5,middle,middle,true,true,81.994,81.87,-0.12399999999999523
ABHORRENCE,100,5,middle,middle,true,true,81.994,81.87,-0.12399999999999523
ABHORRENCE,150,5,middle,middle,true,true,81.994,81.87,-0.12399999999999523
ABHORRENCE,250,5,middle,middle,true,true,81.994,81.87,-0.12399999999999523
ABOLISHING,25,5,middle,harder,false,true,82.948,82.264,-0.6839999999999975
ABOLISHING,50,5,middle,middle,true,true,82.948,82.948,0
ABOLISHING,75,5,middle,middle,true,true,82.948,82.948,0
ABOLISHING,100,5,middle,middle,true,true,82.948,82.948,0
ABOLISHING,150,5,middle,harder,false,true,82.948,82.264,-0.6839999999999975
ABOLISHING,250,5,middle,harder,false,true,82.948,82.264,-0.6839999999999975
ABROGATING,25,5,middle,harder,false,true,81.858,81.31,-0.5480000000000018
ABROGATING,50,5,middle,easier,false,true,81.858,82.982,1.1239999999999952
ABROGATING,75,5,middle,middle,true,true,81.858,81.858,0
ABROGATING,100,5,middle,middle,true,true,81.858,81.858,0
ABROGATING,150,5,middle,middle,true,true,81.858,82.32,0.4619999999999891
ABROGATING,250,5,middle,middle,true,true,81.858,81.67,-0.1880000000000024
ABSOLUTISM,25,5,middle,middle,true,true,81.73,81.73,0
ABSOLUTISM,50,5,middle,middle,true,true,81.73,81.646,-0.08400000000000318
ABSOLUTISM,75,5,middle,middle,true,true,81.73,81.646,-0.08400000000000318
ABSOLUTISM,100,5,middle,middle,true,true,81.73,81.646,-0.08400000000000318
ABSOLUTISM,150,5,middle,harder,false,true,81.73,81.318,-0.41200000000000614
ABSOLUTISM,250,5,middle,middle,true,true,81.73,81.73,0
ABSOLUTIST,25,5,middle,middle,true,true,82.472,82.24,-0.23199999999999932
ABSOLUTIST,50,5,middle,middle,true,true,82.472,82.472,0
ABSOLUTIST,75,5,middle,middle,true,true,82.472,82.472,0
ABSOLUTIST,100,5,middle,harder,false,true,82.472,81.542,-0.9299999999999926
ABSOLUTIST,150,5,middle,middle,true,true,82.472,82.24,-0.23199999999999932
ABSOLUTIST,250,5,middle,middle,true,true,82.472,82.58,0.10800000000000409
ABSORPTION,25,5,middle,middle,true,true,83.268,83.268,0
ABSORPTION,50,5,middle,middle,true,true,83.268,83.268,0
ABSORPTION,75,5,middle,harder,false,true,83.268,82.408,-0.8599999999999994
ABSORPTION,100,5,middle,middle,true,true,83.268,83.074,-0.19400000000000261
ABSORPTION,150,5,middle,middle,true,true,83.268,83.074,-0.19400000000000261
ABSORPTION,250,5,middle,middle,true,true,83.268,83.074,-0.19400000000000261
ABSTAINING,25,5,middle,middle,true,true,82.74,82.74,0
ABSTAINING,50,5,middle,middle,true,true,82.74,81.948,-0.7920000000000016
ABSTAINING,75,5,middle,harder,false,true,82.74,81.36,-1.3799999999999955
ABSTAINING,100,5,middle,middle,true,true,82.74,81.948,-0.7920000000000016
ABSTAINING,150,5,middle,middle,true,true,82.74,82.74,0
ABSTAINING,250,5,middle,middle,true,true,82.74,83.332,0.5919999999999987
ABSTENTION,25,5,middle,easier,false,true,83.014,83.37,0.35600000000000875
ABSTENTION,50,5,middle,easier,false,true,83.014,83.37,0.35600000000000875
ABSTENTION,75,5,middle,easier,false,true,83.014,83.37,0.35600000000000875
ABSTENTION,100,5,middle,easier,false,true,83.014,83.37,0.35600000000000875
ABSTENTION,150,5,middle,easier,false,true,83.014,83.37,0.35600000000000875
ABSTENTION,250,5,middle,easier,false,true,83.014,83.37,0.35600000000000875
ABSTINENCE,25,5,middle,middle,true,true,80.804,80.994,0.18999999999999773
ABSTINENCE,50,5,middle,harder,false,true,80.804,80.292,-0.5120000000000005
ABSTINENCE,75,5,middle,middle,true,true,80.804,80.804,0
ABSTINENCE,100,5,middle,middle,true,true,80.804,80.804,0
ABSTINENCE,150,5,middle,middle,true,true,80.804,80.554,-0.25
ABSTINENCE,250,5,middle,middle,true,true,80.804,80.554,-0.25
ABYSSINIAN,25,5,middle,middle,true,true,82.532,82.574,0.04200000000000159
ABYSSINIAN,50,5,middle,harder,false,true,82.532,80.006,-2.5259999999999962
ABYSSINIAN,75,5,middle,middle,true,true,82.532,82.532,0
ABYSSINIAN,100,5,middle,middle,true,true,82.532,82.532,0
ABYSSINIAN,150,5,middle,harder,false,true,82.532,80.358,-2.1739999999999924
ABYSSINIAN,250,5,middle,middle,true,true,82.532,82.574,0.04200000000000159
ACCELERANT,25,5,middle,middle,true,true,82.052,81.076,-0.9760000000000133
ACCELERANT,50,5,middle,middle,true,true,82.052,81.076,-0.9760000000000133
ACCELERANT,75,5,middle,middle,true,true,82.052,81.076,-0.9760000000000133
ACCELERANT,100,5,middle,middle,true,true,82.052,81.076,-0.9760000000000133
ACCELERANT,150,5,middle,middle,true,true,82.052,82.144,0.09199999999999875
ACCELERANT,250,5,middle,middle,true,true,82.052,82.144,0.09199999999999875
ACCEPTABLE,25,5,middle,harder,false,true,83.308,81.308,-2
ACCEPTABLE,50,5,middle,harder,false,true,83.308,81.308,-2
ACCEPTABLE,75,5,middle,harder,false,true,83.308,81.79,-1.5180000000000007
ACCEPTABLE,100,5,middle,harder,false,true,83.308,81.79,-1.5180000000000007
ACCEPTABLE,150,5,middle,harder,false,true,83.308,81.79,-1.5180000000000007
ACCEPTABLE,250,5,middle,harder,false,true,83.308,81.79,-1.5180000000000007
ACCIDENTAL,25,5,middle,middle,true,true,81.866,81.806,-0.060000000000002274
ACCIDENTAL,50,5,middle,easier,false,true,81.866,82.018,0.15200000000000102
ACCIDENTAL,75,5,middle,easier,false,true,81.866,82.018,0.15200000000000102
ACCIDENTAL,100,5,middle,easier,false,true,81.866,82.018,0.15200000000000102
ACCIDENTAL,150,5,middle,middle,true,true,81.866,81.806,-0.060000000000002274
ACCIDENTAL,250,5,middle,middle,true,true,81.866,81.866,0
ACCLAIMING,25,5,middle,middle,true,true,82.308,82.308,0
ACCLAIMING,50,5,middle,harder,false,true,82.308,80.98,-1.328000000000003
ACCLAIMING,75,5,middle,harder,false,true,82.308,81.972,-0.33600000000001273
ACCLAIMING,100,5,middle,middle,true,true,82.308,82.308,0
ACCLAIMING,150,5,middle,middle,true,true,82.308,82.018,-0.29000000000000625
ACCLAIMING,250,5,middle,middle,true,true,82.308,82.018,-0.29000000000000625
ACCLIMATED,25,5,middle,middle,true,true,81.316,81.316,0
ACCLIMATED,50,5,middle,harder,false,true,81.316,80.776,-0.5400000000000063
ACCLIMATED,75,5,middle,middle,true,true,81.316,81.958,0.6419999999999959
ACCLIMATED,100,5,middle,harder,false,true,81.316,80.776,-0.5400000000000063
ACCLIMATED,150,5,middle,middle,true,true,81.316,81.316,0
ACCLIMATED,250,5,middle,middle,true,true,81.316,81.316,0
ACCORDIONS,25,5,middle,middle,true,true,82.598,82.598,0
ACCORDIONS,50,5,middle,middle,true,true,82.598,81.896,-0.7019999999999982
ACCORDIONS,75,5,middle,middle,true,true,82.598,81.896,-0.7019999999999982
ACCORDIONS,100,5,middle,middle,true,true,82.598,81.896,-0.7019999999999982
ACCORDIONS,150,5,middle,easier,false,true,82.598,83.294,0.695999999999998
ACCORDIONS,250,5,middle,easier,false,true,82.598,83.294,0.695999999999998
ACCOUNTANT,25,5,middle,middle,true,true,82.212,81.904,-0.30800000000000693
ACCOUNTANT,50,5,middle,middle,true,true,82.212,81.904,-0.30800000000000693
ACCOUNTANT,75,5,middle,harder,false,true,82.212,81.796,-0.4159999999999968
ACCOUNTANT,100,5,middle,harder,false,true,82.212,81.796,-0.4159999999999968
ACCOUNTANT,150,5,middle,middle,true,true,82.212,81.904,-0.30800000000000693
ACCOUNTANT,250,5,middle,middle,true,true,82.212,81.904,-0.30800000000000693
